id,name,description,theme,geography,format,provider,reference,reference_ref,latest_year,update_frequency,url
1,Villages In Jaipur Region,This dataset provides names of villages in Jaipur Region.,Administrative Context,district,printed map,JDA,"JDA (2011) Master Development Plan 2025, vol1","Heading 2.8, map on pg no. 109",2011.0,unknown,https://jda.rajasthan.gov.in/content/dam/raj/udh/development-authority/jda-jaipur/pdf/MDP/Vol1.pdf
2,Gram Panchayat Of Jaipur Region,This dataset provides boundaries for Gram Panchayats in Jaipur Region.,Administrative Context,region,printed map,JDA,"JDA (2011) Master Development Plan 2025, vol1","Map 3-3, pg. 131",2011.0,unknown,https://jda.rajasthan.gov.in/content/dam/raj/udh/development-authority/jda-jaipur/pdf/MDP/Vol1.pdf
3,Evolution Of Jaipur Urban Extent,This dataset provides the information The growth of Jaipur's urban area over time,Administrative Context,region,printed map,JDA,"L&T Infra Engineering (2022) Comprehensive Traffic and Transportation Study for Jaipur Region, vol1","Figure 6-1, Pg 6-2",2014.0,unknown,Document not yet published
4,Zones And Wards In Jaipur,This dataset provides boundaries for zones and wards in Jaipur (as per census 2001),Administrative Context,district,printed map,JDA,"JDA (2011) Master Development Plan 2025, vol1","Map 3-2, pg. 130",2001.0,unknown,https://jda.rajasthan.gov.in/content/dam/raj/udh/development-authority/jda-jaipur/pdf/MDP/Vol1.pdf
5,"List Of Existing Towns With Present Population, Future Population And Their Class By 2025","List of existing town with present population, future population and their class by 2025 should be used with Map 2-45 Optimum Connectivity of future towns.",Administrative Context,district,printed table,JDA,"JDA (2011) Master Development Plan 2025, vol1","Table 2-39, pg. 121",2001.0,unknown,https://jda.rajasthan.gov.in/content/dam/raj/udh/development-authority/jda-jaipur/pdf/MDP/Vol1.pdf
6,Population Density Map Of Jaipur Region,This dataset provides population density for Jaipur Region.,Administrative Context,district,printed map,JDA,"L&T Infra Engineering (2022) Comprehensive Traffic and Transportation Study for Jaipur Region, vol1","Figure 2-8, pg.2-12",2011.0,unknown,Document not yet published
7,Population Density Of Jmc And Satellite Towns,This dataset provides population density of JMC and Satellite Towns.,Administrative Context,region,printed map,JDA,"L&T Infra Engineering (2022) Comprehensive Traffic and Transportation Study for Jaipur Region, vol1","Figure 2-6, pg. 2-10",2018.0,unknown,Document not yet published
8,Ward Wise Population Density Of Jmc,This dataset provides wardwise population density of JMC area.,Administrative Context,region,printed map,JDA,"L&T Infra Engineering (2022) Comprehensive Traffic and Transportation Study for Jaipur Region, vol1","Figure 2-7, pg. 2-11",2011.0,unknown,Document not yet published
9,Zoning Map- Jaipur District,"The district has been divided into 4 zones, namely, the ecosensitive zone, agriculture dominant zone, urban zone and the rural zone. The map Shows the zoning and growth nodes in the District.",Administrative Context,district,printed map,JDA,"JDA (2011) Master Development Plan 2025, vol1","Map 2-35, pg no. 110",2011.0,unknown,https://jda.rajasthan.gov.in/content/dam/raj/udh/development-authority/jda-jaipur/pdf/MDP/Vol1.pdf
10,Jda Zonal Plan,"Contains the zonal Plan of JDA region, Jaipur dated 2018",Administrative Context,region,printed map,JDA,JDA (2018) Zonal Development Plan,,2018.0,unknown,https://jda.rajasthan.gov.in/content/raj/udh/jda---jaipur/en/town-planning/zonal-development-plan.html
11,Jda Base Map,"Contains the base map of JDA region, Jaipur",Administrative Context,region,printed map,JDA,JDA (2009) Key Maps,,2019.0,unknown,https://jda.rajasthan.gov.in/content/raj/udh/jda---jaipur/en/town-planning/key-maps.html
12,Walled City Jaipur,Contains the map of Wall City Jaipur,Administrative Context,region,printed map,JDA,JDA (1987) Key Maps,,2019.0,unknown,https://jda.rajasthan.gov.in/content/raj/udh/jda---jaipur/en/town-planning/key-maps.html
13,Nagar Nigam Jaipur Greater Map,Contains the Nagar Nigam Jaipur Greater Map,Administrative Context,region,printed map,JDA,JDA (2011) Key Maps,,2019.0,unknown,https://jda.rajasthan.gov.in/content/raj/udh/jda---jaipur/en/town-planning/key-maps.html
14,Nagar Nigam Jaipur Heritage Map,Contains the Nagar Nigam Jaipur Heritage Map,Administrative Context,region,printed map,JDA,JDA (2011) Key Maps,,2019.0,unknown,https://jda.rajasthan.gov.in/content/raj/udh/jda---jaipur/en/town-planning/key-maps.html
15,Administrative Setup Jaipur,"contains the Name of Panchayat samiti , No. of Gram Panchayat, No. of Villages , Tehsil(s) or (No. of Villages) , and Census Towns
",Administrative Context,district,printed table,"Directorate of Census Operations, Rajasthan","Directorate of Census Operations, Rajasthan (2014) Census of India 2011 - Rajasthan - Series 09 - Part XII B - District Census Handbook, Jaipur",pg. 12,2011.0,unknown,https://censusindia.gov.in/nada/index.php/catalog/1069/download/3290/DH_2011_0812_PART_B_DCHB_JAIPUR.pdf
16,Cadastal Map,Boundary for individual plots based on ownership. ,Administrative Context,state,printed map,"Bhunaksha, rajasthan",Bhunaksha,,2024.0,unknown,https://bhunaksha.rajasthan.gov.in/
17,Administrative Boundary Database,"contains georeferenced Administrative Boundary Database with Entire country Upto Taluk level with HQ, Entire country Upto Distt. level with HQ, State Upto Taluk level with HQ, State Upto Distt. level with HQ  Scale of 1:1M",Administrative Context,cd block / town,shapefile,Survey of india,Survey of India (2024) Online Maps Portal,,2023.0,unknown,https://onlinemaps.surveyofindia.gov.in/Digital_Product_Show.aspx
19,Major Settlements Within The Jaipur Region,"This dataset provides satellite towns located under JDA region, their classification and population based on Census 2001.",Demographic Profile,region,printed table,JDA,"JDA (2011) Master Development Plan 2025, vol1","Table 3-2, pg. 133",2011.0,unknown,https://jda.rajasthan.gov.in/content/dam/raj/udh/development-authority/jda-jaipur/pdf/MDP/Vol1.pdf
20,Gross Density Within Wards Of Jaipur Region- Census 2001,This dataset provides gross density within wards of Jaipur Region for 2001.,Demographic Profile,region,printed map,JDA,"JDA (2011) Master Development Plan 2025, vol1","Map 4-5, pg.219",2001.0,unknown,https://jda.rajasthan.gov.in/content/dam/raj/udh/development-authority/jda-jaipur/pdf/MDP/Vol1.pdf
21,Existing Gross Density Within Wards Of Jaipur Region (2011*),This datset provides gross density within wards of Jaipur for 2011. ,Demographic Profile,region,printed map,JDA,"JDA (2011) Master Development Plan 2025, vol1","Map 4-6, pg. 219",2011.0,unknown,https://jda.rajasthan.gov.in/content/dam/raj/udh/development-authority/jda-jaipur/pdf/MDP/Vol1.pdf
22,Past Trends Of Population In Jaipur Region,This dataset shows the Past Trends of Population in JMC and Satellite Towns,Demographic Profile,city,printed table,JDA,"L&T Infra Engineering (2022) Comprehensive Traffic and Transportation Study for Jaipur Region, vol1","Table 6-3, pg 6-6",2011.0,unknown,Document not yet published
23,Decadal Growth Rate In Jaipur Region,This dataset shows the decadal population growth rate in JMC and Sattelite towns,Demographic Profile,city,printed table,JDA,"L&T Infra Engineering (2022) Comprehensive Traffic and Transportation Study for Jaipur Region, vol1",Table 6-5 pg 6-7,2011.0,unknown,Document not yet published
24,Age-Wise Population And Sex Distribution,"contains age groups,male and female distribution",Demographic Profile,district,printed table,"Directorate of Census Operations, Rajasthan","JDA (2011) Master Development Plan 2025, vol1","Table 2-9, pg.56",2001.0,unknown,https://jda.rajasthan.gov.in/content/dam/raj/udh/development-authority/jda-jaipur/pdf/MDP/Vol1.pdf
25,Decadal Sex Ratio Of Jaipur District,contains sex ratio of Jaipur district(1961-2001),Demographic Profile,district,printed table,"Directorate of Census Operations, Rajasthan","JDA (2011) Master Development Plan 2025, vol1","Table 2-10, pg. 56",2001.0,unknown,https://jda.rajasthan.gov.in/content/dam/raj/udh/development-authority/jda-jaipur/pdf/MDP/Vol1.pdf
26,Registered Voters,"contains jaipur city zone name, wardname, ward no., Total no. of registered voters, No. of votes polled in the last municipal election, No. of Polling Stations / booths",Demographic Profile,ward,csv,"CDO- Ajay Kumar, Jaipur Nagar Nigam","Ministry of housing and urban affairs,smart city data catalogue",,2019.0,unknown,https://smartcities.data.gov.in/catalog/registered-voters-jaipur
28,Population And Households,"contains jaipur city zone name, wardname, ward no., Area (in sq km), Total Population (in thousands)",Demographic Profile,ward,csv,"CDO- Ajay Kumar, Jaipur Nagar Nigam","Ministry of housing and urban affairs,smart city data catalogue",,2011.0,unknown,https://smartcities.data.gov.in/catalog/demographic-profile-jaipur
29,Demographic and Socio-Economic District Profile,"contains the summary of the census of jaipur district like Number of Villages,Number of Towns ,  Number of Households, Population , Percentage Urban Population, Decadal Population Growth 2001-2011 , Area (in sq Km.), Density of Population (Persons per sq Km.), Sex Ratio , Literates , Scheduled Castes, Scheduled Tribes, Workers and Non-Workers, and Category of Workers (Main & Marginal), ",Demographic Profile,district,printed table,"Directorate of Census Operations, Rajasthan","Directorate of Census Operations, Rajasthan (2014) Census of India 2011 - Rajasthan - Series 09 - Part XII B - District Census Handbook, Jaipur",pg. 14-15,2011.0,unknown,https://censusindia.gov.in/nada/index.php/catalog/1069/download/3290/DH_2011_0812_PART_B_DCHB_JAIPUR.pdf
30,Socio-economic Characteristics,"contains the Location code number, District/ CD Block/Town, Total/Rural/Urban, Area in Square Kilometre, Number of households, Total population (including institutional and houseless population in persons,male,female), Population in the age-group 0-6, Scheduled Castes population, Scheduled Tribes population,and Literates",Demographic Profile,cd block / town,printed table,"Directorate of Census Operations, Rajasthan","Directorate of Census Operations, Rajasthan (2014) Census of India 2011 - Rajasthan - Series 09 - Part XII B - District Census Handbook, Jaipur","pg. 24-25, pg. 30-31",2011.0,unknown,https://censusindia.gov.in/nada/index.php/catalog/1069/download/3290/DH_2011_0812_PART_B_DCHB_JAIPUR.pdf
31,Socio-economic Characteristics- industrial category of main workers,"contains the Location code number, District/ CD Block/Town, Total/Rural/Urban for Total workers (Persons, Males, Females), Main worker(Persons, Males, Females), Cultivators, Agricultural labourers, Household industry workers, Other workers",Demographic Profile,cd block / town,printed table,"Directorate of Census Operations, Rajasthan","Directorate of Census Operations, Rajasthan (2014) Census of India 2011 - Rajasthan - Series 09 - Part XII B - District Census Handbook, Jaipur","pg. 26-27, pg. 32-33",2011.0,unknown,https://censusindia.gov.in/nada/index.php/catalog/1069/download/3290/DH_2011_0812_PART_B_DCHB_JAIPUR.pdf
32,Socio-economic Characteristics- industrial category of marginal workers,"contains the Location code number, District/ CD Block/Town, Total/Rural/Urban for Marginal workers(Persons, Males, Females), Cultivators, Agricultural labourers, Household industry workers, Other workers, and Non-workers.",Demographic Profile,cd block / town,printed table,"Directorate of Census Operations, Rajasthan","Directorate of Census Operations, Rajasthan (2014) Census of India 2011 - Rajasthan - Series 09 - Part XII B - District Census Handbook, Jaipur","pg. 28-29, pg. 34-35",2011.0,unknown,https://censusindia.gov.in/nada/index.php/catalog/1069/download/3290/DH_2011_0812_PART_B_DCHB_JAIPUR.pdf
33,Total Sc And St Population - Urban Block Wise,"contains the Location Code, Name of Town, Name of Ward, Boundaries of Urban Block /EB Number, Total Population, Scheduled Castes Population, Scheduled Tribes Population",Demographic Profile,district,printed table,"Directorate of Census Operations, Rajasthan","Directorate of Census Operations, Rajasthan (2014) Census of India 2011 - Rajasthan - Series 09 - Part XII B - District Census Handbook, Jaipur",pg. 38-189,2011.0,unknown,https://censusindia.gov.in/nada/index.php/catalog/1069/download/3290/DH_2011_0812_PART_B_DCHB_JAIPUR.pdf
63,Urban Pca-Ward Wise Data,"contains the Location code number, Name of Town/ward, Area in Km,Number of households, Total population (including institutional and houseless population), Population in the age-group 0-6, Literates,SC population, ST population, literates",Demographic Profile,district,printed table,"Directorate of Census Operations, Rajasthan","Directorate of Census Operations, Rajasthan (2014) Census of India 2011 - Rajasthan - Series 09 - Part XII B - District Census Handbook, Jaipur",pg.540-551,2011.0,unknown,https://censusindia.gov.in/nada/index.php/catalog/1069/download/3290/DH_2011_0812_PART_B_DCHB_JAIPUR.pdf
64,"Decadal Change In Population Of Tahsils By Residence, 2001-2011","contains the Tahsil, Population (2001 and 2011), Percentage decadal variation 2001-2011,  Percentage urban population",Demographic Profile,district,xls/xlsx,"Directorate of Census Operations, Rajasthan","Directorate of Census Operations, Rajasthan (2014) Census of India 2011 - Rajasthan - Series 09 - Part XII B - District Census Handbook, Jaipur",T01_0812,2011.0,unknown,https://censusindia.gov.in/nada/index.php/catalog/1069/download/3291/DH_2011_0812-Jaipur.zip
68,sex ratio,"contains the Sex ratio of towns, 2011",Demographic Profile,cd block / town,xls/xlsx,"Directorate of Census Operations, Rajasthan","Directorate of Census Operations, Rajasthan (2014) Census of India 2011 - Rajasthan - Series 09 - Part XII B - District Census Handbook, Jaipur",T08_0812,2011.0,unknown,https://censusindia.gov.in/nada/index.php/catalog/1069/download/3291/DH_2011_0812-Jaipur.zip
71,sex ratio of ages 0-6,"contains the Sex ratio of  population in the age group 0-6 of towns, 2011",Demographic Profile,cd block / town,xls/xlsx,"Directorate of Census Operations, Rajasthan","Directorate of Census Operations, Rajasthan (2014) Census of India 2011 - Rajasthan - Series 09 - Part XII B - District Census Handbook, Jaipur",T12_0812,2011.0,unknown,https://censusindia.gov.in/nada/index.php/catalog/1069/download/3291/DH_2011_0812-Jaipur.zip
72,"Number And Percentage Of Scheduled Castes And Scheduled Tribes Population In Sub-Districts, 2011","contains the Name of Sub-District, Total/ Rural/ Urban, Total population, Total scheduled castes population, Total scheduled tribes population, Percentage of scheduled castes population to total population, Percentage of scheduled tribes population to total population",Demographic Profile,district,xls/xlsx,"Directorate of Census Operations, Rajasthan","Directorate of Census Operations, Rajasthan (2014) Census of India 2011 - Rajasthan - Series 09 - Part XII B - District Census Handbook, Jaipur",T13_0812,2011.0,unknown,https://censusindia.gov.in/nada/index.php/catalog/1069/download/3291/DH_2011_0812-Jaipur.zip
73,"Number And Percentage Of Scheduled Castes And Scheduled Tribes Population In Towns, 2011","contains the Name of town, Total Population, Total scheduled castes population, Total scheduled tribes population, Percentage of scheduled castes population to total population, Percentage of scheduled tribes population to total population",Demographic Profile,district,xls/xlsx,"Directorate of Census Operations, Rajasthan","Directorate of Census Operations, Rajasthan (2014) Census of India 2011 - Rajasthan - Series 09 - Part XII B - District Census Handbook, Jaipur",T17_0812,2011.0,unknown,https://censusindia.gov.in/nada/index.php/catalog/1069/download/3291/DH_2011_0812-Jaipur.zip
74,sex ratio among scheduled castes and tribes,"contains the Name of town, Scheduled castes sex ratio, Scheduled tribes sex ratio",Demographic Profile,cd block / town,xls/xlsx,"Directorate of Census Operations, Rajasthan","Directorate of Census Operations, Rajasthan (2014) Census of India 2011 - Rajasthan - Series 09 - Part XII B - District Census Handbook, Jaipur",T19_0812,2011.0,unknown,https://censusindia.gov.in/nada/index.php/catalog/1069/download/3291/DH_2011_0812-Jaipur.zip
77,"Literacy, Total And By Sex Or Scheduled Caste","contains the Name  of town, Number of literates and illiterates, Literacy rate and Gap in male-female literacy rate ",Demographic Profile,cd block / town,xls/xlsx,"Directorate of Census Operations, Rajasthan","Directorate of Census Operations, Rajasthan (2014) Census of India 2011 - Rajasthan - Series 09 - Part XII B - District Census Handbook, Jaipur",T23_0812,2011.0,unknown,https://censusindia.gov.in/nada/index.php/catalog/1069/download/3291/DH_2011_0812-Jaipur.zip
84,"Main, marginal and non-workers by sex","contains the Name of  town, Persons/ Males/ Females, Total population, Main workers, Marginal workers and Non workers (Number & Percentage)",Demographic Profile,cd block / town,xls/xlsx,"Directorate of Census Operations, Rajasthan","Directorate of Census Operations, Rajasthan (2014) Census of India 2011 - Rajasthan - Series 09 - Part XII B - District Census Handbook, Jaipur",T32_0812,2011.0,unknown,https://censusindia.gov.in/nada/index.php/catalog/1069/download/3291/DH_2011_0812-Jaipur.zip
87,Economic activity by sex,"contains the Name of town, Persons/ Males/ Females, Total population, Total workers (main + marginal workers), Category of workers: Cultivators, Agricultural labourers, Household industry workers, Other workers in Number & Percentage",Demographic Profile,cd block / town,xls/xlsx,"Directorate of Census Operations, Rajasthan","Directorate of Census Operations, Rajasthan (2014) Census of India 2011 - Rajasthan - Series 09 - Part XII B - District Census Handbook, Jaipur",T35_0812,2011.0,unknown,https://censusindia.gov.in/nada/index.php/catalog/1069/download/3291/DH_2011_0812-Jaipur.zip
88,"Schools/ Colleges Per 10,000 Population In Towns, 2011","contains the Name of the town, Type of educational institution (Approx. numbers) of Primary, Middle, Secondary / matriculation, Senior secondary, and College",Demographic Profile,district,xls/xlsx,"Directorate of Census Operations, Rajasthan","Directorate of Census Operations, Rajasthan (2014) Census of India 2011 - Rajasthan - Series 09 - Part XII B - District Census Handbook, Jaipur",T42_0812,2011.0,unknown,https://censusindia.gov.in/nada/index.php/catalog/1069/download/3291/DH_2011_0812-Jaipur.zip
89,"Proportion Of Slum Population In Towns, 2011","contains the Name of the town having slum, Total population , Slum population, Percentage of slum population to total population",Demographic Profile,district,xls/xlsx,"Directorate of Census Operations, Rajasthan","Directorate of Census Operations, Rajasthan (2014) Census of India 2011 - Rajasthan - Series 09 - Part XII B - District Census Handbook, Jaipur",T44_0812,2011.0,unknown,https://censusindia.gov.in/nada/index.php/catalog/1069/download/3291/DH_2011_0812-Jaipur.zip
90,Status And Growth History Of Towns In Jaipur,"contains the Class, name and civic status of town, Location Code No., Name of Taluk/ Tahsil/ Police Station/Islands etc., Name of CD block, Area(sq. Km.), Number of households including houseless households (2011 Census), Scheduled Castes Population (2011 Census), Scheduled Tribes Population (2011 Census), Status and Growth History(1901-2011), Density        (2011 Census) and Sex ratio",Demographic Profile,district,xls/xlsx,"Directorate of Census Operations, Rajasthan","Directorate of Census Operations, Rajasthan (2014) Census of India 2011 - Rajasthan - Series 09 - Part XII B - District Census Handbook, Jaipur",Town Statement-I_0812,2009.0,unknown,https://censusindia.gov.in/nada/index.php/catalog/1069/download/3291/DH_2011_0812-Jaipur.zip
93,Occupational Structure,"contains  Derived occupational structure from Primary Census Abstract, Census of India, 2001",Economy,district,printed table,"Directorate of Census Operations, Rajasthan","JDA (2011) Master Development Plan 2025, vol1","Table 2-12, pg.59",2001.0,unknown,https://jda.rajasthan.gov.in/content/dam/raj/udh/development-authority/jda-jaipur/pdf/MDP/Vol1.pdf
94,Workers Profile,"contains Work Force Participation Rate, Jaipur District, 2001",Economy,district,printed table,"Directorate of Census Operations, Rajasthan","JDA (2011) Master Development Plan 2025, vol1","Table 2-13, Table 2-14, Table 2-15, pg.60-61",2001.0,unknown,https://jda.rajasthan.gov.in/content/dam/raj/udh/development-authority/jda-jaipur/pdf/MDP/Vol1.pdf
95,Market Economies,contains Annual Income (Rs. in lacs) Main Market /Sub Market from 1999-2000 to 2006-07- Jaipur region,Economy,region,printed table,"Office, Krishi Upaj Mandi, Jaipur.","JDA (2011) Master Development Plan 2025, vol1","Table 3-10, pg.148",2007.0,unknown,https://jda.rajasthan.gov.in/content/dam/raj/udh/development-authority/jda-jaipur/pdf/MDP/Vol1.pdf
96,Socio-Economic Potential,"A socio economic potential map has been arrived at based upon the economic and facility & service potential in the villages. 
",Economy,district,printed map,JDA,"JDA (2011) Master Development Plan 2025, vol1",Map 2-17 (pg. 69),2001.0,unknown,https://jda.rajasthan.gov.in/content/dam/raj/udh/development-authority/jda-jaipur/pdf/MDP/Vol1.pdf
97,Proposed Tourism Circuits In The Jaipur District,This dataset contains proposed tourism circuits in Jaipur District ,Economy,district,printed map,JDA,"JDA (2011) Master Development Plan 2025, vol1","Map 2-36 , pg. 112",2001.0,unknown,https://jda.rajasthan.gov.in/content/dam/raj/udh/development-authority/jda-jaipur/pdf/MDP/Vol1.pdf
98,Industrial Areas Of Riico In Jaipur Region,Map indicating RIICO industrial zones in Jaipur Region.,Economy,region,printed map,JDA,"JDA (2011) Master Development Plan 2025, vol1","Map 3-4, pg. 143",2001.0,unknown,https://jda.rajasthan.gov.in/content/dam/raj/udh/development-authority/jda-jaipur/pdf/MDP/Vol1.pdf
99,Tourist Arrivals,Location-wise Tourist Arrival Statistics (in million),Economy,region,printed table,"Office of statistics, Department of Tourism, Rajasthan","L&T Infra Engineering (2022) Comprehensive Traffic and Transportation Study for Jaipur Region, vol1","Table 2-11, p.g 2-25",2016.0,unknown,Document not yet published
100,"Physical Aspects And Location Of Towns, 2009","contains the Name of town, Physical aspects(Rainfall & Temperature), Name of and road distance (in kms.) from (State HQ, District HQ, Sub-Division/ Taluk/ Tahsil / Police station/ Development  Block/ Island HQ, Nearest city with population of one lakh and more, Nearest city with population of five lakh and more) Railway station and Bus route",Environment,district,xls/xlsx,"Directorate of Census Operations, Rajasthan","Directorate of Census Operations, Rajasthan (2014) Census of India 2011 - Rajasthan - Series 09 - Part XII B - District Census Handbook, Jaipur",Town Statement-II_0812,2009.0,unknown,https://censusindia.gov.in/nada/index.php/catalog/1069/download/3291/DH_2011_0812-Jaipur.zip
101,Air Quality Index (Caaqms),"This dataset provides the Levels of PM2.5, PM10, NO2, CO, O3",Environment,discrete locations,xls/xlsx,RSPCB,Rajasthan State Pollution Control Board (2024),,2020.0,Every Year,https://environment.rajasthan.gov.in/content/environment/en/rajasthan-state-pollution-control-board/EnvironmentalReport/DownloadableAirQualityIndexCAAQMS.html
102,Noise Quality Bulletin Of Rajasthan State,This dataset provides the Decibel levels in different zones,Environment,discrete locations,printed table,RSPCB,Rajasthan State Pollution Control Board (2024),,2024.0,Every Month,https://environment.rajasthan.gov.in/content/environment/en/rajasthan-state-pollution-control-board/NoiseQualityBulletin.html
103,Air Quality (Cpcb),"This dataset provides PM2.5,PM10,NO,NO2,NOx, NH3,SO2, CO, Ozone,Benzene, Toluene, Xylene, O Xylene, Eth-Benzene, MP-Xylene, AT, RH,WS,WD,RF,TOT-RF, SR,BP, VWS for 1day,8hours, 1 hour and 15min time stamps",Environment,discrete locations,csv,CPCB,Cental Pollution Control Board (2024) Central Control Room for Air Quality Management,,2023.0,Every 15 min,https://airquality.cpcb.gov.in/ccr/#/caaqm-dashboard-all/caaqm-landing/caaqm-data-repository
104,Natural Landscape Jaipur,"This catalog contains area of natural features like lake,forest,ecologically sensitve area of JDA region",Environment,region,csv,"CDO- Ajay Kumar, Jaipur Nagar Nigam","JSCL (2019) Ministry of housing and urban affairs,smart city data catalogue",,2019.0,unknown,https://smartcities.data.gov.in/catalog/natural-landscape-jaipur
105,Climate Outlook Of Jaipur City,This dataset provides the Climatic details like Temperature and Rainfall statistics of Jaipur City.,Environment,region,printed table,JDA,"JDA (2011) Master Development Plan 2025, vol1","Table 3-25, pg.191",2011.0,unknown,https://jda.rajasthan.gov.in/content/dam/raj/udh/development-authority/jda-jaipur/pdf/MDP/Vol1.pdf
106,Open Series Map (Scale: 1:50000),contains open series map image in Scale: 1:50000 based on sheet no. (not georeferenced),Environment,spatial grid,printed map,Survey of india,Survey of India (2024) Online Maps Portal,,2011.0,unknown,https://onlinemaps.surveyofindia.gov.in/FreeMapSpecification.aspx
107,Intermediate Public Transport Facilities,This dataset shows the Issues with IPT Facilities,Intermediate Public Transport,region,chart,JDA,"L&T Infra Engineering (2022) Comprehensive Traffic and Transportation Study for Jaipur Region, vol1",Figure 3-14 pg 3-52,2018.0,unknown,Document not yet published
108,Land Utilization Of Jaipur District,This dataset provides the land utilization of different landuse for Jaipur District,Land Use,district,printed table,JDA,"JDA (2011) Master Development Plan 2025, vol1","Table 2-5, Chart 2-1, pg.48",2001.0,unknown,https://jda.rajasthan.gov.in/content/dam/raj/udh/development-authority/jda-jaipur/pdf/MDP/Vol1.pdf
109,Base Map,"This dataset provides information about Region Boundary, Contour, Railways, National Highway, State Highway, City Road-Major, City Road-Minor, Unmetalled roads, River Course/Nallah/Waterbody, Walled City",Land Use,region,vector map,JDA,"JDA (2011) Master Development Plan 2025, website",Mapbook 1,2009.0,unknown,https://jda.rajasthan.gov.in/content/dam/raj/udh/development-authority/jda-jaipur/pdf/MDP/Mapbook1.pdf
110,Generalised Existing Land Use Map,This dataset provides the generalised existing land use for Jaipur U1 Area.,Land Use,region,vector map,JDA,"JDA (2011) Master Development Plan 2025, website",Mapbook 2,2009.0,unknown,https://jda.rajasthan.gov.in/content/dam/raj/udh/development-authority/jda-jaipur/pdf/MDP/Mapbook2.pdf
111,Land Utilization Map,This dataset provides the Land Utilization of Jaipur Region,Land Use,region,vector map,JDA,"JDA (2011) Master Development Plan 2025, website",Mapbook 3,2009.0,unknown,https://jda.rajasthan.gov.in/content/dam/raj/udh/development-authority/jda-jaipur/pdf/MDP/Mapbook3.pdf
112,Land Use Plan,This dataset provides the proposed land use plan 2025 for Jaipur U1 Area.,Land Use,region,vector map,JDA,"JDA (2011) Master Development Plan 2025, website",Mapbook 4,2025.0,unknown,https://jda.rajasthan.gov.in/content/dam/raj/udh/development-authority/jda-jaipur/pdf/MDP/Mapbook4.pdf
113,No. Of Households Having Bicycle,This data contains no. and % of households having bicycle.,Private Vehicles,district,printed table,"Directorate of Census Operations, Rajasthan","Directorate of Census Operations, Rajasthan (2014) Census of India 2011 - Rajasthan - Series 09 - Part XII B - District Census Handbook, Jaipur","Table -9, pg-569",2011.0,unknown,https://censusindia.gov.in/nada/index.php/catalog/1069
114,No. Of Households Having Scooter/Motorcycle/Moped,This data contains no. and % of households havingScooter/Motorcycle/Moped.,Private Vehicles,district,printed table,"Directorate of Census Operations, Rajasthan","Directorate of Census Operations, Rajasthan (2014) Census of India 2011 - Rajasthan - Series 09 - Part XII B - District Census Handbook, Jaipur","Table -9, pg-569",2011.0,unknown,https://censusindia.gov.in/nada/index.php/catalog/1069
115,No. Of Households Having Car/Jeep/Van,This data contains no. and % of households having Car/Jeep/Van.,Private Vehicles,district,printed table,"Directorate of Census Operations, Rajasthan","Directorate of Census Operations, Rajasthan (2014) Census of India 2011 - Rajasthan - Series 09 - Part XII B - District Census Handbook, Jaipur","Table -9, pg-569",2011.0,unknown,https://censusindia.gov.in/nada/index.php/catalog/1069
116,Vehicle Registrations Data Jaipur,"This catalog contains the city name, the no. of registrations of buses, four-wheelers, two-wheelers, Goods Carrier Vehicles, Light Motor Vehicles, and miscellaneous others",Private Vehicles,city,csv,"CDO- Ajay Kumar, Jaipur Nagar Nigam","JSCL (2019) Ministry of housing and urban affairs,smart city data catalogue",,2018.0,unknown,https://smartcities.data.gov.in/catalog/vehicle-registrations-data-jaipur
117,Vehicle Ownership Information,This dataset shows Details of Vehicle Ownership in JMC and JDA,Private Vehicles,city,chart,JDA,"L&T Infra Engineering (2022) Comprehensive Traffic and Transportation Study for Jaipur Region, vol1",Figure 3-8 pg 3-34,2018.0,unknown,Document not yet published
118,Registration Of Vehicles In Jaipur District,contains dataset of Registration of Vehicles in Jaipur District in yearly basis from 1990-2007,Private Vehicles,district,printed table,"Transport Department, Govt. of Rajasthan","Master Development Plan 2025 (2011), vol1","Table 2-30, pg. 94",2007.0,unknown,https://jda.rajasthan.gov.in/content/dam/raj/udh/development-authority/jda-jaipur/pdf/MDP/Vol1.pdf
119,Total Number Of Vehicles Registered,"This dataset provides a comprehensive overview of the number of registered vehicles in Jaipur from 2010-11 to 2020-21, categorized by different types of vehicles.",Private Vehicles,district,printed table,"RTO, Jaipur","Transport Department, Government of Rajasthan (2020-21) STATISTICAL YEAR BOOK","Table 5.5, Table 5.6",2021.0,Every Year,https://transport.rajasthan.gov.in/content/dam/transport/transport-dept/pdf/Statistical%20abstract%202020-21/Transport_Dept_Year_Book.pdf
120,Water Tax: Jaipur,This catalog contains yearly data of water tax on commercial and residential (2013 to 2018),Public Finance,city,csv,"CDO- Ajay Kumar, Jaipur Nagar Nigam","JSCL (2019) Ministry of housing and urban affairs,smart city data catalogue",,2018.0,unknown,https://smartcities.data.gov.in/catalog/water-taxjaipur
121,Financial Health : Jaipur,This catalogue contains the yearly municipal's expenditure and revenue,Public Finance,region,csv,"CDO- Ajay Kumar, Jaipur Nagar Nigam","JSCL (2019) Ministry of housing and urban affairs,smart city data catalogue",,2018.0,unknown,https://smartcities.data.gov.in/catalog/financial-health-jaipur
122,Budget For Open Spaces Development For Jaipur,This catalog contains Total Municipal Budget (in lakhs) and Municipal budget allocation for open spaces and / or parks (including development & maintenance (in lakhs),Public Finance,region,csv,"CDO- Ajay Kumar, Jaipur Nagar Nigam","JSCL (2019) Ministry of housing and urban affairs,smart city data catalogue",,2018.0,unknown,https://smartcities.data.gov.in/catalog/budget-open-spaces-development-jaipur
123,Vat & Gst Collection For Jaipur,This catalog contains the yearly Total VAT/GST collection during the year (in INR Cr),Public Finance,district,csv,"CDO- Ajay Kumar, Jaipur Nagar Nigam","JSCL (2019) Ministry of housing and urban affairs,smart city data catalogue",,2018.0,unknown,https://smartcities.data.gov.in/catalog/vat-gst-collection-jaipur
124,Trauma Centres Of Rajasthan,"This dataset contains the district, trauma centre location, ambulance availability, vehicle no.,and ALS ambulance availability for rajasthan",Public Safety & Health,state,printed table,"State Road Safety Cell, Department of Transport and Road Safety, Rajasthan","State Road Safety Cell, Department of Transport and Road Safety, Rajasthan",,2023.0,unknown,https://roadsafetycell.rkcl.in/pageView/token=d3doM0tvbjVvNmVEbkJRM2YycHVUdz09
125,On Road Crash Scenario Of Rajasthan,"This dataset contains the summary of road crashes in rajasthan, comparative analysis of road accidents, month wise road accidents,killed and injured, road accident killed and injured according to time,according to road category,percentage share of people killed according to category of road, (summary -2014 to 2023, others -2022 &2023)",Public Safety & Health,state,printed table,Rajasthan Knowledge Corporation Limited and State Road Safety Cell,"State Road Safety Cell, Department of Transport and Road Safety, Rajasthan",,2023.0,unknown,https://roadsafetycell.rkcl.in/pageView/token=TXFXZzE0R0RxVlppTmlNVi9PSFlOUT09
126,Black Spots Of Rajasthan,"This dataset contains the black spots identified by the state in the calender years 2022(2019-2020-2021) in NH and SH in the form of Highway no., location, police station, district, and accident in 3 years",Public Safety & Health,state,printed table,"Transport Department, Govt. of Rajasthan","State Road Safety Cell, Department of Transport and Road Safety, Rajasthan",,2022.0,unknown,https://roadsafetycell.rkcl.in/pageView/token=UUp2TU8ySXR4SDB0QklrbFN6Q084UT09
127,Fatalities By Road Accidents In Jaipur City,This dataset provides the number of deaths caused by road accidents in Jaipur City from the year 2010 to 2017. ,Public Safety & Health,region,chart,"Transport Department, Govt. of Rajasthan",Cuts International (n.d.) Jaipur City Mobility Plan,pg. no 8,2017.0,unknown,Jaipur City Mobility Plan
128,Crimes Jaipur,This catalog describes the total number of crimes per year in jaipur city,Public Safety & Health,region,csv,"CDO- Ajay Kumar, Jaipur Nagar Nigam","JSCL (2019) Ministry of housing and urban affairs,smart city data catalogue",,2018.0,unknown,https://smartcities.data.gov.in/catalog/crimes-jaipur
129,Mortality Rate Jaipur,This catalog contains data of total birth rate and death rate yearly,Public Safety & Health,region,csv,"CDO- Ajay Kumar, Jaipur Nagar Nigam","JSCL (2019) Ministry of housing and urban affairs,smart city data catalogue",,2018.0,unknown,https://smartcities.data.gov.in/catalog/mortality-rate-jaipur
130,Injuries And Fatalities,This catalog contains data of the total number of fatalities and injuries due to traffic accidents yearly data.,Public Safety & Health,region,csv,"CDO- Ajay Kumar, Jaipur Nagar Nigam","JSCL (2019) Ministry of housing and urban affairs,smart city data catalogue",,2018.0,unknown,https://smartcities.data.gov.in/catalog/injuries-and-fatalities
131,Security Surveillance,"List of junctions where surveillance cameras are installed
",Public Safety & Health,discrete locations,,"Traffic Police, Jaipur","L&T Infra Engineering (2022) Comprehensive Traffic and Transportation Study for Jaipur Region, vol2","ANNEXURE - 2-1, pg. 1 of 2-1",2022.0,unknown,Document not yet published
132,Traffic Signals At Junctions,List of junctions where traffic signals have been installed in Jaipur city,Public Safety & Health,city,printed table,"Traffic Police, Jaipur","L&T Infra Engineering (2022) Comprehensive Traffic and Transportation Study for Jaipur Region, vol2","ANNEXURE-2-1, pg 1 of 2-1",2018.0,unknown,Document not yet published
133,Black Spots, Accident prone location names in Jaipur,Public Safety & Health,city,printed map,JDA,"L&T Infra Engineering (2022) Comprehensive Traffic and Transportation Study for Jaipur Region, vol2","Fig 2-32 (pg 2-56, CMP 2018)",2018.0,unknown,Document not yet published
134,Division-Wise Accidents Reports," Accident Report Division wise i.e. East, south, West and North Division",Public Safety & Health,city,chart,JDA,"L&T Infra Engineering (2022) Comprehensive Traffic and Transportation Study for Jaipur Region, vol2","Fig 2-31 (pg 2-55, CMP 2018)",2018.0,unknown,Document not yet published
135,On Road Accidents,"this dataset shows the Number of Road Accidents, Persons Killed, Persons Injured and
Severity of Accidents",Public Safety & Health,district,printed table,"Transport Department, Govt. of Rajasthan","Road Accidents in Rajasthan, Transport Department, Government of Rajasthan","Table 1.2, pg-17, row no-16",2018.0,unknown,https://www.tourism.rajasthan.gov.in/content/dam/transport/transport-dept/pdf/roadsafty/Road%20Accidents%20in%20Rajasthan%202018.pdf
136,On Road Accidents,"this dataset shows the Comparative Analysis of Number of Road Accidents, Persons Killed and
Persons Injured """,Public Safety & Health,district,printed table,"Transport Department, Govt. of Rajasthan","Road Accidents in Rajasthan, Transport Department, Government of Rajasthan","Table 1:3, pg-20, row no-16",2018.0,unknown,https://www.tourism.rajasthan.gov.in/content/dam/transport/transport-dept/pdf/roadsafty/Road%20Accidents%20in%20Rajasthan%202018.pdf
137,My Safetipin App Audit Score In Jaipur City,"This catalog contains the reportID, safetiPinScore,mediaURL, comments, observationDateTime, location of various locations in Jaipur city ",Public Transportation,discrete locations,json,JDA,Indian urban data exchange (2023) IUDX,,2019.0,unknown,https://catalogue.cos.iudx.org.in/jaipur/dataset/91e116be-03bd-4f3d-a60b-e9db59bf48f0
138,Recommended Mass Transit Corridor For Jaipur City With Phasing,contains map with population density for the 2nd phase metro of jaipur,Public Transportation,region,printed map,"egis rail,egis india, feedback infra","Comprehensive Mobility Plan, Urban Transport Sector Assessment Report jaipur",fig 0-2,2017.0,unknown,https://transport.rajasthan.gov.in/content/dam/transport/metro/Project/DPR%20Phase%20II/CMP%20Executive%20Summary%20Final.pdf
139,Jaipur City Bus Routes Description,"This dataset contains the street no., route description, number of buses and interval(min) of the operating buses in HIndi",Public Transportation,region,printed table,JCTSL,Jaipur City Transport Services Limited (n.d.),,2024.0,unknown,https://transport.rajasthan.gov.in/content/transportportal/en/jaipur-bus/schedules-maps/bus-routes.html
140,Public Transport Access Jaipur,"This dataset contains no. of AC / Non AC buses, No. of bus terminals
,No. of bus stands, No. of bus stops",Public Transportation,region,csv,"CDO- Ajay Kumar, Jaipur Nagar Nigam","JSCL (2019) Ministry of housing and urban affairs,smart city data catalogue",,2019.0,unknown,https://smartcities.data.gov.in/catalog/publictransportaccessjaipur
141,Details Of Average Ridership (2016-17) On Important Sections Served By Jctsl,Details of Average ridership for important sections in year 2016-17.,Public Transportation,city,printed table,JCTSL,"L&T Infra Engineering (2022) Comprehensive Traffic and Transportation Study for Jaipur Region, vol2","ANNEXURE-2-1, pg 1 of 2-1",2017.0,unknown,Document not yet published
142,Jaipur Metro Stations,contains the finished and proposed map of the number of metro stations and routes in Jaipur City.,Public Transportation,city,printed map,JMRCL,Jaipur Metro Rail Corporation Ltd. (2024),,,unknown,https://transport.rajasthan.gov.in/content/transportportal/en/metro/PassengerInformation/MetroStations.html
143,Route Map Of Jaipur Metro,This dataset shows Route Map of Jaipur Metro,Public Transportation,city,printed map,JMRCL,Jaipur Metro Rail Corporation Ltd. (2024),,2018.0,unknown,https://transport.rajasthan.gov.in/content/transportportal/en/metro/PassengerInformation/MetroStations.html
144,Bus Route Map2,This dataset in Figure 2-26: JCTSL Bus Route Map,Public Transportation,city,printed map,JMC,"L&T Infra Engineering (2022) Comprehensive Traffic and Transportation Study for Jaipur Region, vol1","Figure 2-26, pg. 2-44",2018.0,unknown,Document not yet published
145,Bus Route Map1,This dataset  in Figure 2-25: JCTSL Bus Route Map,Public Transportation,city,printed map,JDA,"L&T Infra Engineering (2022) Comprehensive Traffic and Transportation Study for Jaipur Region, vol1","Figure 2-25, pg. 2-43",2018.0,unknown,Document not yet published
146,Inter City Public Transport,This dataset Figure 2-21 vol1 shows inter-city passenger traffic demand,Public Transportation,city,printed map,"RSRTC, JCTSL","L&T Infra Engineering (2022) Comprehensive Traffic and Transportation Study for Jaipur Region, vol1","Figure 2-21, pg. 2-35",2018.0,unknown,Document not yet published
147,Intra City Terminal And Depots,This dataset in Figure 2-22: vol1 Map showing various Intra-city (JCTSL) Bus Terminals and Depots,Public Transportation,city,printed map,JCTSL,"L&T Infra Engineering (2022) Comprehensive Traffic and Transportation Study for Jaipur Region, vol1","Figure 2-22, pg. 2-38",2018.0,unknown,Document not yet published
148,Inter City Terminal And Depots,This dataset in Figure 2-23: Map showing various Inter-city (RSRTC) Bus Terminals and Depots,Public Transportation,city,printed map,RSRTC,"L&T Infra Engineering (2022) Comprehensive Traffic and Transportation Study for Jaipur Region, vol1","Figure 2-23, pg. 2-39",2018.0,unknown,Document not yet published
149,Public Transport Road Network,This dataset shows the Coded Public Transport Network for JDA Region,Public Transportation,city,printed map,JDA,"L&T Infra Engineering (2022) Comprehensive Traffic and Transportation Study for Jaipur Region, vol1",Figure 6-7 pg 6-15,2022.0,unknown,Document not yet published
150,Public Transport Road Network,This dataset shows the Coded Public Transport Network for JMC,Public Transportation,city,printed map,JDA,"L&T Infra Engineering (2022) Comprehensive Traffic and Transportation Study for Jaipur Region, vol1",Figure 6-8 pg 6-15,2022.0,unknown,Document not yet published
151,Existing Bus Circulation To And From Sindhi Camp Terminal,Map showing existing bus routes to and from Sindhi Camp Terminal.,Public Transportation,city,printed map,JDA,"L&T Infra Engineering (2022) Comprehensive Traffic and Transportation Study for Jaipur Region, vol1","Figure 7-21, Pg. 7-25",2022.0,unknown,Document not yet published
152,Existing Jctsl Bus Route Coverage,Map showing Existing and Proposed JCTSL Bus Route Coverage,Public Transportation,city,printed map,JDA,"L&T Infra Engineering (2022) Comprehensive Traffic and Transportation Study for Jaipur Region, vol1","Figure 7-59, Pg. 7-85",2022.0,unknown,Document not yet published
153,Operational Brts Corridors,"Map showing Operational BRTS Corridors 
",Public Transportation,city,printed map,JDA,"L&T Infra Engineering (2022) Comprehensive Traffic and Transportation Study for Jaipur Region, vol1","Figure 7-70, Pg. 7-111",2022.0,unknown,Document not yet published
154,Passenger Amenities Near Metro Stations,"This dataset contains the passenger amenities near metro stations like hospitals, cafe & hotels, police stations and others",Public Transportation,region,printed table,JMRCL,Jaipur Metro Rail Corporation Ltd. (2024),,2024.0,unknown,https://transport.rajasthan.gov.in/content/transportportal/en/metro/PassengerInformation/PASSENGERAMENITIESNEARMETROSTATIONS.html
155,Buses Jaipur,This dataset contains the number of buses in Jaipur City,Public Transportation,city,,"CDO- Ajay Kumar, Jaipur Nagar Nigam","JSCL (2019) Ministry of housing and urban affairs,smart city data catalogue",,2017.0,unknown,https://smartcities.data.gov.in/catalog/buses-jaipur
156,Earnings From Bus Trips Jaipur,This dataset contains the earnings from bus trips jaipur,Public Transportation,city,,"CDO- Ajay Kumar, Jaipur Nagar Nigam","JSCL (2019) Ministry of housing and urban affairs,smart city data catalogue",,2017.0,unknown,https://smartcities.data.gov.in/catalog/earningsfrombustripsjaipur
157,Type Of Approach To Village And Bus Services In Jaipur Region,This dataset provides information about the approaches to the village and bus services.,Public Transportation,region,printed map,JDA,"JDA (2011) Master Development Plan 2025, vol1","Map 3-16, pg. 170",2001.0,unknown,https://jda.rajasthan.gov.in/content/dam/raj/udh/development-authority/jda-jaipur/pdf/MDP/Vol1.pdf
158,Details Of Bus Routes And Frequency,"Contains Bus depot,route, route no., route length, frequency",Public Transportation,city,printed table,Wilbur smith associates,Wilbur Smith Associates(2010) Traffic and Transportation Study for Detailed Project Report for Proposed Jaipur Metro,"ANNEXURE - 2, pg. 113",2009.0,unknown,https://www.tourism.rajasthan.gov.in/content/dam/transport/metro/Project/Traffic%20Study%20by%20Wilbur%20Smith%20Associates-2010/Traffic%20and%20Transportation%20Study%20For%20DPR%20For%20Proposed%20Jaipur%20Metro%20Feb%202010.pdf
159,Details Of Bus Route Map,Contains simplified Bus route along with railway tracks for 01.05.23,Public Transportation,city,printed map,"Transport Department, Govt. of Rajasthan",Jaipur City Transport Services Limited (n.d.),,2023.0,unknown,https://transport.rajasthan.gov.in/content/dam/transport/jaipurbus/image/Jaipur%20Bus%20Map%20Final_01.05.23.jpg
160,Jaipur Metro Time Table,Contains the Salient feaures of public time table w.e.f. 31.01.2023,Public Transportation,city,printed table,JMRCL,Jaipur Metro Rail Corporation Ltd. (2023),,2023.0,unknown,https://transport.rajasthan.gov.in/content/dam/transport/metro/Passenger%20Information/Metro%20time%20Table/Salient%20Features%20of%20Time%20Table%20w.e.f.%2030.01.2023.pdf
161,Parking Rate At Metro Station,Contains the parking rate at metro station,Public Transportation,city,printed table,JMRCL,Jaipur Metro Rail Corporation Ltd. (2024),,2024.0,unknown,https://transport.rajasthan.gov.in/content/transportportal/en/metro/PassengerInformation/ParkingatMetroStations.html
162,Jaipur Metro Fare Matrix,This dataset provides the Fare structure of metro operations by JMRC dated 11.09.2020,Public Transportation,city,printed table,JMRCL,Jaipur Metro Rail Corporation Ltd. (2020),,2024.0,unknown,https://transport.rajasthan.gov.in/content/dam/transport/metro/Passenger%20Information/MetroFares/Notification%20Fare%20structure%20of%20metro%20operation%20by%20JMRC%20dtd_11.09.2020.pdf.pdf
163,Jaipur City Bus Fare Matrix,"This dataset provides the fares for the AC & Non A/C Buses, women and students according to the distances.",Public Transportation,city,printed table,JCTSL,Transport Department Of Rajasthan website,,2024.0,unknown,https://transport.rajasthan.gov.in/content/transportportal/en/jaipur-bus/fares-tickets/fare-chart.html
164,Availability Of Bus Services In Jaipur Region,The map provides the regional analysis for availability/non-availability of bus services.,Public Transportation,region,printed map,JDA,"JDA (2011) Master Development Plan 2025, vol1","Map 3-15, pg. 169",2001.0,unknown,https://jda.rajasthan.gov.in/content/dam/raj/udh/development-authority/jda-jaipur/pdf/MDP/Vol1.pdf
165,Existing Bus Terminals In Jaipur City,"Map showing Comparison of Existing and Proposed Terminals 
",Public Transportation,city,printed map,JDA,"L&T Infra Engineering (2022) Comprehensive Traffic and Transportation Study for Jaipur Region, vol1","Figure 7-52, Pg. 7-77",2022.0,unknown,Document not yet published
166,Existing Inter-City And Intra-City Depots,"Map showing Existing and proposed Inter-city and Intra-city Depots 
",Public Transportation,city,printed map,JDA,"L&T Infra Engineering (2022) Comprehensive Traffic and Transportation Study for Jaipur Region, vol1","Figure 7-54, Pg. 7-79",2022.0,unknown,Document not yet published
167,Electricity Consumption Jaipur,"This catalog contains data about consumption of electricity for domestic, industrial,commerial, public waterworks and street lights, and other consumptions",Resource Use,region,csv,"CDO- Ajay Kumar, Jaipur Nagar Nigam","JSCL (2019) Ministry of housing and urban affairs,smart city data catalogue",,2018.0,unknown,https://smartcities.data.gov.in/catalog/electricity-consumption-jaipur
168,Water Consumption Jaipur,"This catalogue contains data for ward wise water supply capacity,domestic water consumption and percentage area of water supply network",Resource Use,region,csv,"CDO- Ajay Kumar, Jaipur Nagar Nigam","JSCL (2019) Ministry of housing and urban affairs,smart city data catalogue",,2018.0,unknown,https://smartcities.data.gov.in/catalog/water-consumption-jaipur
169,"Satellite Image Cartosat 1 Pan, Stereo (2.5m Spatial Resolution)","contains satellite imagery of 2.5m spatial resolution PAN-Ortho Rectified (without GCP), Stereo- RAD Ortho kit with 27.5kmx27.5km swath width",Satellite Images,spatial grid,geotiff image,ISRO,ISRO (2024) Bhoonidhi,,2019.0,4-5 days,https://bhoonidhi.nrsc.gov.in/bhoonidhi/index.html
170,"Satellite Image Cartosat 1 ,Cartodem (2.5m,10m Spatial Resolution)",contains satellite imagery of DSM of 10m Posting and 2.5m Posting with swath width 14km x14km  is available,Satellite Images,spatial grid,geotiff image,ISRO,ISRO (2024) Bhoonidhi,,2019.0,4-5 days,https://bhoonidhi.nrsc.gov.in/bhoonidhi/index.html
171,"Satellite Image Cartosat 2 Pan, (1m Spatial Resolution)",contains satellite imagery of GEO Orthokit and Ortho Rectified (without GCP) with swath width of 9.8km x 9.8km is available,Satellite Images,spatial grid,geotiff image,ISRO,ISRO (2024) Bhoonidhi,,2019.0,4-5 days,https://bhoonidhi.nrsc.gov.in/bhoonidhi/index.html
172,"Satellite Image Cartosat 2s, Pan, (0.60m Spatial Resolution)",contains satellite imagery of GEO Orthokit and Ortho Rectified (without GCP) with swath width of 9.8km x 9.8km is available,Satellite Images,spatial grid,geotiff image,ISRO,ISRO (2024) Bhoonidhi,,2024.0,4-5 days,https://bhoonidhi.nrsc.gov.in/bhoonidhi/index.html
173,"Satellite Image Cartosat 2s, Mx, (1.60m Spatial Resolution)","contains satellite imagery of GEO Orthokit, Ortho Rectified (without GCP),Ortho Mosaic (Min:2, Max : 4 ), and NCC & FCC (Ortho Rectified-without GCP) with swath width of 9.8km x 9.8km is available",Satellite Images,spatial grid,geotiff image,ISRO,ISRO (2024) Bhoonidhi,,2024.0,4-5 days,https://bhoonidhi.nrsc.gov.in/bhoonidhi/index.html
174,"Satellite Image Cartosat 2s, Pan+Mx, (0.60m Spatial Resolution)","contains satellite imagery of Pan-sharpened, Pan-sharpened Mosaic (Min:2, Max:4), and NCC & FCC (Pan-sharpened) with swath width of 9.8km x 9.8km is available",Satellite Images,spatial grid,geotiff image,ISRO,ISRO (2024) Bhoonidhi,,2024.0,4-5 days,https://bhoonidhi.nrsc.gov.in/bhoonidhi/index.html
175,"Satellite Image Cartosat 3, Pan, (0.28m,0.45m Spatial Resolution)","contains satellite imagery of 0.28m- GEO Orthokit, and 0.25m and 0.45m - Ortho Rectified (without GCP) with swath width of 17km x 17 km is available",Satellite Images,spatial grid,geotiff image,ISRO,ISRO (2024) Bhoonidhi,,2024.0,4-5 days,https://bhoonidhi.nrsc.gov.in/bhoonidhi/index.html
176,"Satellite Image Cartosat 3,Mx (1.10m Spatial Resolution)","contains satellite imagery of GEO Orthokit, Ortho Rectified (without GCP) with a swath width of 17km x 17 km and Ortho Rectified (without GCP), NCC & FCC (Ortho Rectified-without GCP) of  swath width of 10km x 10km is available",Satellite Images,spatial grid,geotiff image,ISRO,ISRO (2024) Bhoonidhi,,2024.0,4-5 days,https://bhoonidhi.nrsc.gov.in/bhoonidhi/index.html
177,"Satellite Image Cartosat 3, Pan+Mx, (0.45m Spatial Resolution)",contains satellite imagery of Pan-sharpened and NCC & FCC (Pan-sharpened) with swath width of 10km x 10km is available,Satellite Images,spatial grid,geotiff image,ISRO,ISRO (2024) Bhoonidhi,,2024.0,4-5 days,https://bhoonidhi.nrsc.gov.in/bhoonidhi/index.html
178,"Satellite Image Risat-1 , [Sar ,Frs1 ,Frs2] (3m-50m Spatial Resolution)","contains satellite imagery of Geometrically Terrain Corrected, Single Look Complex, and Multi Look Ground Range  with swath width of 25km x 25km is available",Satellite Images,spatial grid,geotiff image,ISRO,ISRO (2024) Bhoonidhi,,2016.0,25 days,https://bhoonidhi.nrsc.gov.in/bhoonidhi/index.html
179,"Satellite Image Eos-04(Or Risat-1a), [Sar ,Frs1 ,Frs2] (3m-50m Spatial Resolution)","contains satellite imagery of Geometrically Terrain Corrected, Single Look Complex,Multi Look Ground Range,Covariance, and Polarimetric Decomposed  with swath width of 20km x 25km is available",Satellite Images,spatial grid,geotiff image,ISRO,ISRO (2024) Bhoonidhi,,2024.0,25 days,https://bhoonidhi.nrsc.gov.in/bhoonidhi/index.html
180,"Satellite Image Novasar-1,All Modes (6-33 M Spatial Resolution)","contains satellite imagery of Geometrically Terrain Corrected, Single Look Complex Slant range, and Multi Look Ground Range with swath width of 13-400km x 13-400km is available",Satellite Images,spatial grid,geotiff image,ISRO,ISRO (2024) Bhoonidhi,,2024.0,16 days,https://bhoonidhi.nrsc.gov.in/bhoonidhi/index.html
181,"Satellite Image Kompsat-3/3a ,Pan & Mx(0.5, 2.2m Spatial Resolution)","contains satellite imagery of Geo Orthokit,and Bundled with swath width of 15km x 15km is available",Satellite Images,spatial grid,geotiff image,ISRO,ISRO (2024) Bhoonidhi,,2024.0,3-4 days,https://bhoonidhi.nrsc.gov.in/bhoonidhi/index.html
182,"Satellite Image Resourcesat-1, Liss-3(23.5m),Liss-4(5.8m),Awifs(56m Spatial Resolution)","contains satellite imagery of  LISS-3(23.5m spatial resolution, swath width-141 km),LISS-4{5.8m spatial resolution, swath width -[23.9 km (Mx) 70 kms (Mono)]},AWiFS {56m spatial resolution, swath width-[740 km (Combined) 370 km (Each head)]} is available",Satellite Images,spatial grid,geotiff image,ISRO,ISRO (2024) Bhoonidhi,,2024.0,24 days,https://bhoonidhi.nrsc.gov.in/bhoonidhi/index.html
183,"Satellite Image Resourcesat-2, Liss-3(23.5m),Liss-4(5.8m),Awifs(56m Spatial Resolution)","contains satellite imagery of  LISS-3(23.5m spatial resolution, swath width-141 km),LISS-4{5.8m spatial resolution, swath width -[23.9 km (Mx) 70 kms (Mono)]},AWiFS {56m spatial resolution, swath width-[740 km (Combined) 370 km (Each head)]} is available",Satellite Images,spatial grid,geotiff image,ISRO,ISRO (2024) Bhoonidhi,,2024.0,24 days,https://bhoonidhi.nrsc.gov.in/bhoonidhi/index.html
184,"Satellite Image Resourcesat-2a, Liss-3(23.5m),Liss-4(5.8m),Awifs(56m Spatial Resolution)","contains satellite imagery of  LISS-3(23.5m spatial resolution, swath width-141 km),LISS-4{5.8m spatial resolution, swath width -[23.9 km (Mx) 70 kms (Mono)]},AWiFS {56m spatial resolution, swath width-[740 km (Combined) 370 km (Each head)]} is available",Satellite Images,spatial grid,geotiff image,ISRO,ISRO (2024) Bhoonidhi,,2024.0,24 days,https://bhoonidhi.nrsc.gov.in/bhoonidhi/index.html
185,Satellite Image Sentinel-2 (10m Spatial Resolution),"contains satellite imagery of MSI(visible,NIR-10m,6 bands at 20 m resolution,3 bands at 60 m resolution)",Satellite Images,spatial grid,geotiff image,ESA,Copernicus Browser (2024) Copernicus Browser,,2024.0,5 days,https://browser.dataspace.copernicus.eu/?zoom=12&lat=27.21685&lng=75.70583&themeId=DEFAULT-THEME&visualizationUrl=U2FsdGVkX19DjWEnO%2ByGm%2Fp%2FJ%2FAPbVIARGIJNH7KDxkU%2F636Z104oNn9O8dXZZQdUM4lcdcJL1YMbRciKqFP%2BNExhtgTISXD%2FgGjojb12Q7t1BEbR%2BzUxvSG36geiWvC&datasetId=S2_L1C_CDAS&fromTime=2023-01-25T00%3A00%3A00.000Z&toTime=2023-01-25T23%3A59%3A59.999Z&layerId=1_TRUE_COLOR&demSource3D=%22MAPZEN%22&cloudCoverage=30&dateMode=SINGLE
186,"Satellite Image Landsat-1 Or Erts-1 ,Mss- (79m Spatial Resolution)",contains satellite imagery of (MSS at 79m spatial resolution(RBV)-40m),Satellite Images,spatial grid,geotiff image,NASA,US Geological Survey (2024) USGS Earth Explorer,,1978.0,18 days,https://earthexplorer.usgs.gov/
187,"Satellite Image Landsat-2 ,Mss- (79m Spatial Resolution)","contains satellite imagery of (MSS at 79m spatial resolution, (RBV)-40m)",Satellite Images,spatial grid,geotiff image,NASA,US Geological Survey (2024) USGS Earth Explorer,,1982.0,18 days,https://earthexplorer.usgs.gov/
188,"Satellite Image Landsat-3 ,Mss- (79m Spatial Resolution)",contains satellite imagery of (MSS at 79m spatial resolution(RBV)-40m),Satellite Images,spatial grid,geotiff image,NASA,US Geological Survey (2024) USGS Earth Explorer,,1983.0,18 days,https://earthexplorer.usgs.gov/
189,"Satellite Image Landsat-4 ,Mss-(79m) & Tm(30m,120m)","contains satellite imagery of spatial resolution 30 meters (TM, VIS/NIR/SWIR), 120 meters (thermal); 79 meters (MSS)",Satellite Images,spatial grid,geotiff image,NASA,US Geological Survey (2024) USGS Earth Explorer,,1993.0,16 days,https://earthexplorer.usgs.gov/
190,"Satellite Image Landsat-5 ,Mss-(79m) & Tm(30m,120m)","contains satellite imagery of spatial resolution 30 meters (TM, VIS/NIR/SWIR), 120 meters (thermal); 79 meters (MSS)",Satellite Images,spatial grid,geotiff image,NASA,US Geological Survey (2024) USGS Earth Explorer,,2013.0,16 days,https://earthexplorer.usgs.gov/
191,"Satellite Image Landsat-7 ,Etm+(15m,30m,120m)","contains satellite imagery of spatial resolution 30 meters (VIS/NIR/SWIR), 60 meters (thermal), 15 meters (panchromatic)",Satellite Images,spatial grid,geotiff image,NASA,US Geological Survey (2024) USGS Earth Explorer,,2017.0,16 days,https://earthexplorer.usgs.gov/
192,"Satellite Image Landsat-8 ,Pan(15m),Oli (30m) & Tirs(100m)","contains satellite imagery of spatial resolution 30 meters (OLI), 100 meters (TIRS), 15 meters (panchromatic)",Satellite Images,spatial grid,geotiff image,NASA,US Geological Survey (2024) USGS Earth Explorer,,2024.0,16 days,https://earthexplorer.usgs.gov/
193,"Satellite Image Landsat-9 ,Pan(15m),Oli-2 (30m) & Tirs-2 (100m)","contains satellite imagery of spatial resolution 30 meters (OLI-2), 100 meters (TIRS-2), 15 meters (panchromatic)",Satellite Images,spatial grid,geotiff image,NASA,US Geological Survey (2024) USGS Earth Explorer,,2024.0,16 days,https://earthexplorer.usgs.gov/
194,"Civic And Other Amenities, 2009","contains the Name of Town, Road length (in kms.), System of drainage( Open, Closed, Both -Open & Closed), Number of latrines(Pit System,Flush/Pour Flush (Water borne),Service,Others), Protected water supply(Source of supply, System of storage with capacity in kilo litres), Fire fighting service, Electrification (Number of connections of Domestic, Industrial, Commercial, Road lighting points, others)",Services,district,xls/xlsx,"Directorate of Census Operations, Rajasthan","Directorate of Census Operations, Rajasthan (2014) Census of India 2011 - Rajasthan - Series 09 - Part XII B - District Census Handbook, Jaipur",Town Statement-III_0812,2009.0,unknown,https://censusindia.gov.in/nada/index.php/catalog/1069/download/3291/DH_2011_0812-Jaipur.zip
195,"Medical Facilities, 2009","contains the Name of Town, No. of Medical facilities (with number of beds in brackets) in Hospitals  (Allopathic & Others), Dispensaries / Health Center, Family Welfare Center, Maternity and Child Welfare Center, Maternity Homes,T.B.Hospital/ Clinic,  Nursing Homes, Veterinary Hospital, Mobile Health Clinic and Others etc., Charitable Hospital/Nursing Home  (Numbers), Medicine Shop (Numbers)",Services,district,xls/xlsx,"Directorate of Census Operations, Rajasthan","Directorate of Census Operations, Rajasthan (2014) Census of India 2011 - Rajasthan - Series 09 - Part XII B - District Census Handbook, Jaipur",Town Statement-IV_0812,2009.0,unknown,https://censusindia.gov.in/nada/index.php/catalog/1069/download/3291/DH_2011_0812-Jaipur.zip
196,"Educational, Recreational And Cultural Facilities, 2009","contains the Name of Town, Number of Educational Facilities(Primary school, Middle school, Secondary school, Senior Secondary school, Arts/ Science/ Commerce colleges (of degree level and above) , Medical colleges,Engineering colleges, Management Institute/ colleges,Polytechnics, Recognised Shorthand, Typewriting and vocational training institutions,Non-formal Education Center (Sarva Shiksha Abhiyan Center), Special School for Disabled, others ), Number of Social, Recreational and Cultural facilities: No. of Orphanage Home, Working women's hostles, No. of Old Age Home, Stadium, Cinema Theatre, Auditorium/ Community halls, Public libraries and Reading rooms",Services,district,xls/xlsx,"Directorate of Census Operations, Rajasthan","Directorate of Census Operations, Rajasthan (2014) Census of India 2011 - Rajasthan - Series 09 - Part XII B - District Census Handbook, Jaipur",Town Statement-V_0812,2009.0,unknown,https://censusindia.gov.in/nada/index.php/catalog/1069/download/3291/DH_2011_0812-Jaipur.zip
197,"Industry And Banking, 2009","contains the Name of Town, Names of three most important commodities manufactured, Number of banks (Nationalised Bank,Private Commercial Bank,Co-operative Bank), Number of agricultural credit societies, Number of non-agricultural credit societies",Services,district,xls/xlsx,"Directorate of Census Operations, Rajasthan","Directorate of Census Operations, Rajasthan (2014) Census of India 2011 - Rajasthan - Series 09 - Part XII B - District Census Handbook, Jaipur",Town Statement-VI_0812,2009.0,unknown,https://censusindia.gov.in/nada/index.php/catalog/1069/download/3291/DH_2011_0812-Jaipur.zip
198,"Civic And Other Amenities In Slums, 2009","contains the Class and name of town, Name of the slum, No. of households (approximate), Population of the Slum (approximate), Paved roads (in kms.), System of drainage( Open, Closed, Both, Nil), Number of latrines, Community, No. of tap points/ public hydrants installed for supply of protected water, Electricity (Number of connections) in Domestic, Road lighting (points) and Others",Services,district,xls/xlsx,"Directorate of Census Operations, Rajasthan","Directorate of Census Operations, Rajasthan (2014) Census of India 2011 - Rajasthan - Series 09 - Part XII B - District Census Handbook, Jaipur",Town Statement-VII_0812,2009.0,unknown,https://censusindia.gov.in/nada/index.php/catalog/1069/download/3291/DH_2011_0812-Jaipur.zip
199,Education Facilities In Jaipur Region Villages,"This dataset contains the Education Facilities in Jaipur Region Villages based on infrastructure, standard and no. of facilities",Services,region,printed table,"Directorate of Census Operations, Rajasthan","Master Development Plan 2025 (2011), vol1","Table 3-17, pg.153",2001.0,unknown,https://jda.rajasthan.gov.in/content/dam/raj/udh/development-authority/jda-jaipur/pdf/MDP/Vol1.pdf
200,Smart Governance,"This catalog describes the availability of online services for various domains like taxes, challans,fines, service connections, certificates,licenses, tenders, grievance management, tickets & passes, disclosure of documents in yes and no format",Services,city,csv,"CDO- Ajay Kumar, Jaipur Nagar Nigam","JSCL (2019) Ministry of housing and urban affairs,smart city data catalogue",,2019.0,unknown,https://smartcities.data.gov.in/catalog/digital-availability-jaipur
201,Cultural Heritage Jaipur,"This catalog provides the Name of heritage,Nature of heritage (open space, monuments, street etc.),Heritage use, Age of heritage ( In Years) ",Services,region,csv,"CDO- Ajay Kumar, Jaipur Nagar Nigam","JSCL (2019) Ministry of housing and urban affairs,smart city data catalogue",,2019.0,unknown,https://smartcities.data.gov.in/catalog/culturalheritagejaipur
202,Digital Payments Jaipur,This catalog provides the Total Collection of municipal Amount collected by ticket sale for Bus and Metro Services,Services,region,csv,"CDO- Ajay Kumar, Jaipur Nagar Nigam","JSCL (2019) Ministry of housing and urban affairs,smart city data catalogue",,2018.0,unknown,https://smartcities.data.gov.in/catalog/digital-payments-jaipur
203,Community Facilities Jaipur,"This catalog contains the number of ward wise Community Hall / Auditorium / Convention Center / Swimming Pools / Sports Ground / Theatre, Facility Name and capacity",Services,region,csv,"CDO- Ajay Kumar, Jaipur Nagar Nigam","JSCL (2019) Ministry of housing and urban affairs,smart city data catalogue",,2018.0,unknown,https://smartcities.data.gov.in/catalog/community-facilities-jaipur
204,Citizen Facilities Jaipur,This catalog provides the citizen facilitation centers with average monthly footfalls,Services,region,csv,"CDO- Ajay Kumar, Jaipur Nagar Nigam","JSCL (2019) Ministry of housing and urban affairs,smart city data catalogue",,2018.0,unknown,https://smartcities.data.gov.in/catalog/citizen-facilities-jaipur
205,Availability Of Primary Schools Within Jaipur Region,Map showing the distribution of primary schools across Jaipur Region.,Services,region,printed map,JDA,"JDA (2011) Master Development Plan 2025, vol1","Map 3-6, pg.160",2001.0,unknown,https://jda.rajasthan.gov.in/content/dam/raj/udh/development-authority/jda-jaipur/pdf/MDP/Vol1.pdf
206,Assessment Of Senior Secondary School Availability In Jaipur Region,Map assessing the availability of senior secondary schools in Jaipur Region.,Services,region,printed map,JDA,"JDA (2011) Master Development Plan 2025, vol1","Map 3-7, pg. 161",2001.0,unknown,https://jda.rajasthan.gov.in/content/dam/raj/udh/development-authority/jda-jaipur/pdf/MDP/Vol1.pdf
207,Assessment Of College Availability In Jaipur Region,Map evaluating the accessibility of colleges in Jaipur Region.,Services,region,printed map,JDA,"JDA (2011) Master Development Plan 2025, vol1","Map 3-8, pg. 162",2001.0,unknown,https://jda.rajasthan.gov.in/content/dam/raj/udh/development-authority/jda-jaipur/pdf/MDP/Vol1.pdf
208,Assessment Of Health Centre Availability In Jaipur Region,Map assessing the distribution of health centers in Jaipur Region.,Services,region,printed map,JDA,"JDA (2011) Master Development Plan 2025, vol1","Map 3-10, pg.164",2001.0,unknown,https://jda.rajasthan.gov.in/content/dam/raj/udh/development-authority/jda-jaipur/pdf/MDP/Vol1.pdf
209,Accessibility To Hospitals In Jaipur Region,Map highlighting the accessibility to hospitals in Jaipur Region.,Services,region,printed map,JDA,"JDA (2011) Master Development Plan 2025, vol1","Map 3-11, pg.165",2001.0,unknown,https://jda.rajasthan.gov.in/content/dam/raj/udh/development-authority/jda-jaipur/pdf/MDP/Vol1.pdf
210,Bank Facility In Jaipur Region,Map showing the locations of banks within Jaipur Region.,Services,region,printed map,JDA,"JDA (2011) Master Development Plan 2025, vol1","Map 3-12, pg.166",2001.0,unknown,https://jda.rajasthan.gov.in/content/dam/raj/udh/development-authority/jda-jaipur/pdf/MDP/Vol1.pdf
211,Availability Of Credit Banking Facility In Agriculture Productive Areas -Jaipur Region,Map indicating credit banking facilities in agricultural areas of Jaipur Region.,Services,region,printed map,JDA,"JDA (2011) Master Development Plan 2025, vol1","Map 3-13, pg. 167",2001.0,unknown,https://jda.rajasthan.gov.in/content/dam/raj/udh/development-authority/jda-jaipur/pdf/MDP/Vol1.pdf
212,Availability Of Postal Services In Jaipur Region,Map detailing the availability of postal services in Jaipur Region.,Services,region,printed map,JDA,"JDA (2011) Master Development Plan 2025, vol1","Map 3-14, pg. 168",2001.0,unknown,https://jda.rajasthan.gov.in/content/dam/raj/udh/development-authority/jda-jaipur/pdf/MDP/Vol1.pdf
213,Road Network In Rajasthan (Up To 31.03.2022),"This dataset contains the Road Network in Rajasthan (up to 31.03.2022) with road category, length (km), and percentage  share as the parameters",Transport Network,state,printed table,"Public Works Department, Government of Rajasthan","State Road Safety Cell, Department of Transport and Road Safety, Rajasthan",,2022.0,unknown,https://roadsafetycell.rkcl.in/pageView/token=Q2twNXhhZk9IaklESkMwMGxoaTgwdz09
214,Regional Road Network Map,Shows the regional network map,Transport Network,region,printed map,JDA,"L&T Infra Engineering (2022) Comprehensive Traffic and Transportation Study for Jaipur Region, vol1","Figure 2-1, pg. 2-3",2018.0,unknown,Document not yet published
215,District Road Network-Class 1 & Class 2 Town Connectivity,This dataset contains district road network for connectivity of class 1& class 2 towns,Transport Network,district,printed map,JDA,"JDA (2011) Master Development Plan 2025, vol1","Map 2-41, pg.118",2001.0,unknown,https://jda.rajasthan.gov.in/content/dam/raj/udh/development-authority/jda-jaipur/pdf/MDP/Vol1.pdf
216,District Road Network - Class 2 & Class 3 Town Connectivity,This dataset contains district road network for connectivity of class 2& class 3 towns,Transport Network,district,printed map,JDA,"JDA (2011) Master Development Plan 2025, vol1","Map 2-42, pg.119",2001.0,unknown,https://jda.rajasthan.gov.in/content/dam/raj/udh/development-authority/jda-jaipur/pdf/MDP/Vol1.pdf
217,District Road Network - Class 3 & Class 4 Town Connectivity,This dataset contains district road network for connectivity of class 3& class 4 towns,Transport Network,district,printed map,JDA,"JDA (2011) Master Development Plan 2025, vol1","Map 2-43, pg. 119",2001.0,unknown,https://jda.rajasthan.gov.in/content/dam/raj/udh/development-authority/jda-jaipur/pdf/MDP/Vol1.pdf
218,District Road Network - Class 4 & Class 5 Town Connectivity,This dataset contains district road network for connectivity of class 4& class 5 towns,Transport Network,district,printed map,JDA,"JDA (2011) Master Development Plan 2025, vol1","Map 2-44, pg. 120",2001.0,unknown,https://jda.rajasthan.gov.in/content/dam/raj/udh/development-authority/jda-jaipur/pdf/MDP/Vol1.pdf
219,District Road Network Optimum Connectivity,"The map indicates the optimum connectivity of the district over laying the future towns, growth centres, growth foci, focal villages and service villages. Should be used with Table  2-40 (list of the 57 new towns and their class by 2025)",Transport Network,district,printed map,JDA,sustainable mobility,"Map-2-45, pg. 120",2001.0,unknown,https://jda.rajasthan.gov.in/content/dam/raj/udh/development-authority/jda-jaipur/pdf/MDP/Vol1.pdf
220,Road Network,This dataset shows Highway Network for JDA Region,Transport Network,city,printed map,JDA,"L&T Infra Engineering (2022) Comprehensive Traffic and Transportation Study for Jaipur Region, vol1",Figure 6-6 pg 6-14,2022.0,unknown,Document not yet published
221,Road Network,This dataset shows the Highway Network for JMC Boundary,Transport Network,city,printed map,JDA,"L&T Infra Engineering (2022) Comprehensive Traffic and Transportation Study for Jaipur Region, vol1",Figure 6-5 pg 6-13,2022.0,unknown,Document not yet published
222,Built Heritage And Cultural Trail,Map highlighting significant heritage sites and cultural landmarks in Jaipur.,Transport Network,district,printed map,JDA,"JDA (2011) Master Development Plan 2025, vol1","Map 2-37, pg. 113",2001.0,unknown,https://jda.rajasthan.gov.in/content/dam/raj/udh/development-authority/jda-jaipur/pdf/MDP/Vol1.pdf
223,Recreation And Leisure Trail,Map showcasing recreational and leisure areas in Jaipur.,Transport Network,district,printed map,JDA,"JDA (2011) Master Development Plan 2025, vol1","Map 2-38, pg. 114",2001.0,unknown,https://jda.rajasthan.gov.in/content/dam/raj/udh/development-authority/jda-jaipur/pdf/MDP/Vol1.pdf
224,Religious And Spiritual Trail,Map detailing religious and spiritual sites in Jaipur.,Transport Network,district,printed map,JDA,"JDA (2011) Master Development Plan 2025, vol1","Map 2-39, pg. 115",2001.0,unknown,https://jda.rajasthan.gov.in/content/dam/raj/udh/development-authority/jda-jaipur/pdf/MDP/Vol1.pdf
225,Availability Of Road Markings In Walled City,Map showing the availability of road markings in the walled city of Jaipur. ,Transport Network,city,printed map,JDA,"L&T Infra Engineering (2022) Comprehensive Traffic and Transportation Study for Jaipur Region, vol1","Figure 7-8, Pg. 7-12",2022.0,unknown,Document not yet published
226,Availability Of Signage In Walled City,Map showing the availability of Signages in walled city. ,Transport Network,city,printed map,JDA,"L&T Infra Engineering (2022) Comprehensive Traffic and Transportation Study for Jaipur Region, vol1","Figure 7-9, Pg. 7-12",2022.0,unknown,Document not yet published
227,Availability Of Footpaths In Walled City,"Map showing Availability of Footpaths in Walled City
",Transport Network,city,printed map,JDA,"L&T Infra Engineering (2022) Comprehensive Traffic and Transportation Study for Jaipur Region, vol1","Figure 7-38, Pg. 7-54",2022.0,unknown,Document not yet published
228,Right Of Way (Row) Widths,"This dataset provides detailed information on the road infrastructure in Jaipur, listing 39 major roads with their respective lengths, right-of-way (ROW), carriage details, and shoulder widths. ",Transport Network,region,printed table,DHV Primary Survey,"JDA (2011) Master Development Plan 2025, vol1","Table 4-21, pg.254",2007.0,unknown,https://jda.rajasthan.gov.in/content/dam/raj/udh/development-authority/jda-jaipur/pdf/MDP/Vol1.pdf
229,Transport Potential In Villages,"This dataset provides transport potential(High, Low, Medium) analysis in Jaipur District. ",Transport Network,district,printed map,JDA,"JDA (2011) Master Development Plan 2025, vol1","Map 2-25, pg. 89",2001.0,unknown,https://jda.rajasthan.gov.in/content/dam/raj/udh/development-authority/jda-jaipur/pdf/MDP/Vol1.pdf
230,Encroached Footpaths In Jaipur City,Map showing Encroached Footpaths ,Transport Network,city,printed map,JDA,"L&T Infra Engineering (2022) Comprehensive Traffic and Transportation Study for Jaipur Region, vol1","Figure 7-49, Pg. 7-68",2022.0,unknown,Document not yet published
231,Demarcation Of Traffic Analysis Zones (Taz),"This dataset shows the zone list adopted for travel demand modeling is
as same as the zoning adopted",Transport Network,region,printed map,JDA,"L&T Infra Engineering (2022) Comprehensive Traffic and Transportation Study for Jaipur Region, vol1",Figure 6-4 pg 6-11,2022.0,unknown,Document not yet published
232,Parking Site Locations In Jaipur City,"This catalog contains the Name, address, and Physical Coordinates of the  parking site locations in Jaipur city.",Transport Network Assets,discrete locations,json,JDA,Indian urban data exchange (2023) IUDX,,,unknown,https://catalogue.cos.iudx.org.in/jaipur/dataset/5004baa8-a1ca-45f0-b639-4cef1ec6b089
233,"On-Street Parking Accumalation, Supply And Demand","This dataset provides the existing Parking Accumalation, supply and demand of Parking in the locations, Jauhari Bazaar and the Bapu Bazaar.",Transport Network Assets,city,printed table,Research Paper,Management of Parking Spaces in the Walled City of Jaipur ,"Table 1, Table 4, Fig 1",2011.0,unknown,https://old.ccs.in/internship_papers/2011/245_riddhima_management-of-parking-spaces-in-the-walled-city-of-jaipur_second.pdf
234,"Off-Street Parking Accumalation, Supply And Demand Projections","This dataset provides the existing Parking Accumalation, supply and demand projections of the Off-Street Parking spaces of different locations.",Transport Network Assets,city,printed table,Research Paper,Management of Parking Spaces in the Walled City of Jaipur ,"Table 2, Table 5, Fig 3",2011.0,unknown,https://old.ccs.in/internship_papers/2011/245_riddhima_management-of-parking-spaces-in-the-walled-city-of-jaipur_second.pdf
235,Smart Pole Locations In Jaipur City,"This catalog contains the Name, address, and Physical Coordinates of the smart pole location in Jaipur city",Transport Network Assets,discrete locations,json,JDA,Indian urban data exchange (2023) IUDX,,,unknown,https://catalogue.cos.iudx.org.in/jaipur/dataset/5004baa8-a1ca-45f0-b639-4cef1ec6b089
236,Ev Charging Stations,contains a map on EV charging locations,Transport Network Assets,state,printed map,BEE,Bureau of Energy Efficiency (2024),,2024.0,unknown,https://evyatra.beeindia.gov.in/public-charging-stations/
237,Street Lights Data Jaipur,This catalog contains the ward wise data of total no. of poles of LED Bulbs/NonLED Bulbs and  Number of street lights / poles per km of road,Transport Network Assets,region,csv,"CDO- Ajay Kumar, Jaipur Nagar Nigam","JSCL (2019) Ministry of housing and urban affairs,smart city data catalogue",,2018.0,unknown,https://smartcities.data.gov.in/catalog/street-lights-data-jaipur
238,Level Information From Manhole Sensors In Jaipur City,"This dataset contains the device id, sludge level and observation Date Time of jaipur city",Transport Network Assets,discrete locations,json,JDA,Indian urban data exchange (2023) IUDX,,2022.0,unknown,https://catalogue.cos.iudx.org.in/jaipur/dataset/e2e88fc3-95b2-4fcf-91d1-7c81a9a461d6
239,Manhole Sensor Systems Locations In Jaipur City,"This catalog contains the Name, ID, and Physical Coordinates of the manhole sensor systems in Jaipur City.",Transport Network Assets,discrete locations,json,JDA,Indian urban data exchange (2023) IUDX,,,unknown,https://catalogue.cos.iudx.org.in/jaipur/dataset/5004baa8-a1ca-45f0-b639-4cef1ec6b089
240,Vcc System Locations In Jaipur City,"This catalog contains the Name, ID,address and Physical Coordinates of the Vehicle Classification Camera(VCC)",Transport Network Assets,discrete locations,json,JDA,Indian urban data exchange (2023) IUDX,,,unknown,https://catalogue.cos.iudx.org.in/jaipur/dataset/5004baa8-a1ca-45f0-b639-4cef1ec6b089
241,Anpr Camera Locations In Jaipur City,"This catalog contains the Name,ID, device count, address, and Physical Coordinates of the ANPR Camera locations in Jaipur city",Transport Network Assets,discrete locations,json,JDA,Indian urban data exchange (2023) IUDX,,,unknown,https://catalogue.cos.iudx.org.in/jaipur/dataset/5004baa8-a1ca-45f0-b639-4cef1ec6b089
242,Environment Sensor Locations In Jaipur City,"This catalog contains the Name, address, and Physical Coordinates of the environment sensor in Jaipur city",Transport Network Assets,discrete locations,json,JDA,Indian urban data exchange (2023) IUDX,,,unknown,https://catalogue.cos.iudx.org.in/jaipur/dataset/5004baa8-a1ca-45f0-b639-4cef1ec6b089
243,Transport Annual Report 2022-23,This dataset contains the annual administrative report for the year (2022-23),Transport Statistics,state,printed table,"Department of transport and road safety, Rajasthan",Annual administrative report (2022-23),,2023.0,yearly,https://transport.rajasthan.gov.in/content/dam/transport/transport-dept/pdf/Statistical-abstract2022-23/prashasnik%20prativedan%202022-23.pdf
244,Transport Dept Yearbook 2020-21,"This dataset contains the general information,routes and highways, permit and licences, revenue collection, vehicle statistics,road accidents, pollution control, enforcement, and miscellaneous data for Rajasthan(2020-21)",Transport Statistics,state,printed table,"Transport Department, Govt. of Rajasthan","Transport Department, Government of Rajasthan (2020-21) STATISTICAL YEAR BOOK",,2021.0,yearly,https://transport.rajasthan.gov.in/content/dam/transport/transport-dept/pdf/Statistical%20abstract%202020-21/Transport_Dept_Year_Book.pdf
245,Transport Dept Yearbook 2019-20,"This dataset contains the general information,routes and highways, permit and licences, revenue collection, vehicle statistics,road accidents, pollution control, enforcement, and miscellaneous data for Rajasthan(2019-20)",Transport Statistics,state,printed table,"Transport Department, Govt. of Rajasthan","Transport Department, Government of Rajasthan (2019-20) STATISTICAL YEAR BOOK",,2020.0,yearly,https://transport.rajasthan.gov.in/content/dam/transport/transport-dept/pdf/statistical2015-16/Transport%20Dept.%20Statistical%20Year%20Book.pdf
246,Transport Dept Yearbook 2018-19,"This dataset contains the general information,routes and highways, permit and licences, revenue collection, vehicle statistics,road accidents, pollution control, enforcement, and miscellaneous data for Rajasthan(2019-20)",Transport Statistics,state,printed table,"Transport Department, Govt. of Rajasthan","Transport Department, Government of Rajasthan (2018-19) STATISTICAL ABSTRACT",,2019.0,yearly,https://transport.rajasthan.gov.in/content/dam/transport/transport-dept/pdf/statistical-abstract2018-19/Trasport%20Department%20Abstract%20Book%2018-19.pdf
247,Transport Anuual Progress Report,This dataset contains the annual progress report from 2015-16 to 2021-22 in hindi,Transport Statistics,state,printed table,"Transport Department, Govt. of Rajasthan",Transport Anuual Progress Report,,2022.0,yearly,https://transport.rajasthan.gov.in/content/transportportal/en/transport/organisation/AnnualProgressReport.html.html#annualProgressReport
248,Transport Department Statistical Abstract,This dataset contains the statistical abstract from 2014-2015 to 2019-2020 in English,Transport Statistics,state,printed table,"Transport Department, Govt. of Rajasthan",STATISTICAL ABSTRACT website,,2020.0,yearly,https://transport.rajasthan.gov.in/content/transportportal/en/transport/organisation/statistical-information.html
249,Transportation Of Goods Vehicle Movement,The routes opted by the goods vehicles within the JDA are presented in this map.,Travel Demand,region,printed map,JDA,"L&T Infra Engineering (2022) Comprehensive Traffic and Transportation Study for Jaipur Region, vol1","Fig. 2-29, Pg. 2-53",2018.0,unknown,Document not yet published
250,Classified Traffic Volume Counts,This datasheet shows Location-wise Traffic (PCUs) and Share (%) at Outer Cordon Location,Travel Demand,city,printed map,JDA,"L&T Infra Engineering (2022) Comprehensive Traffic and Transportation Study for Jaipur Region, vol1","Figure 3-1, p.g 3-6",2018.0,unknown,Document not yet published
251,Peak Hour Traffic Characteristics,This dataset shows presents peak hour traffic and its share in the daily traffic at inner cordon locations.,Travel Demand,city,printed table,JDA,"L&T Infra Engineering (2022) Comprehensive Traffic and Transportation Study for Jaipur Region, vol1","Table 3-8, p.g 3-11",2018.0,unknown,Document not yet published
252,Traffic Composition,The road-wise traffic composition at inner cordon locations,Travel Demand,city,printed table,JDA,"L&T Infra Engineering (2022) Comprehensive Traffic and Transportation Study for Jaipur Region, vol1",Table 3-9 pg no-3-12,2018.0,unknown,Document not yet published
253,Traffic Volume,"This dataset shows the Screen-line volume counts have been carried out at 68 locations across river and railway line
crossings along east-west and north-south corridor.",Travel Demand,city,printed map,JDA,"L&T Infra Engineering (2022) Comprehensive Traffic and Transportation Study for Jaipur Region, vol1",Figure3-5 pg 3-14,2018.0,unknown,Document not yet published
254,Origin  Destination (O-D) Survey,this dadaset represents The O-D sample size collected at outer cordon locations,Travel Demand,city,printed table,JDA,"L&T Infra Engineering (2022) Comprehensive Traffic and Transportation Study for Jaipur Region, vol1",Table 3-13 pg 3-17,2018.0,unknown,Document not yet published
255,Passenger Travel Count,This dataset contains the Jaipur metro ridership data  since JUn-2015,Travel Demand,city,printed table,JMRCL,Jaipur Metro Rail Corporation Ltd. (2024),,2024.0,Monthly,https://transport.rajasthan.gov.in/content/transportportal/en/metro/PassengerInformation/passenger-travelled-count.html
256,Screen Line Traffic Movement  16 Hours & 24 Hours With Screenline Location Map,"This dataset contains the screen line location and traffic movement towards North,south,east,west with the number of vehicles and PCUs",Travel Demand,city,printed table,Wilbur smith associates,Wilbur Smith Associates(2010) Traffic and Transportation Study for Detailed Project Report for Proposed Jaipur Metro,"Table 2-3, Table 2-4,  Figure 2.8",2009.0,unknown,https://transport.rajasthan.gov.in/content/dam/transport/metro/Project/Traffic%20Study%20by%20Wilbur%20Smith%20Associates-2010/Traffic%20and%20Transportation%20Study%20For%20DPR%20For%20Proposed%20Jaipur%20Metro%20Feb%202010.pdf
257,Peak Hour Traffic At Screen Line Locations,"This dataset contains the  Peak Hour Traffic at Screen Line Locations with peak PCU,Daily PCU, peak hour factor in %",Travel Demand,city,printed table,Wilbur smith associates,Wilbur Smith Associates(2010) Traffic and Transportation Study for Detailed Project Report for Proposed Jaipur Metro,Table 2-5,2009.0,unknown,https://www.tourism.rajasthan.gov.in/content/dam/transport/metro/Project/Traffic%20Study%20by%20Wilbur%20Smith%20Associates-2010/Traffic%20and%20Transportation%20Study%20For%20DPR%20For%20Proposed%20Jaipur%20Metro%20Feb%202010.pdf
258,Midblock Traffic Movement - 16 Hours & 24 Hours With Midblock Location Map,"This dataset contains the midblock traffic location and traffic movement towards North,south,east,west with the number of vehicles and PCUs",Travel Demand,city,printed table,Wilbur smith associates,Wilbur Smith Associates(2010) Traffic and Transportation Study for Detailed Project Report for Proposed Jaipur Metro,"Table 2.6, Table 2.7, Figure 2.10",2009.0,unknown,https://www.tourism.rajasthan.gov.in/content/dam/transport/metro/Project/Traffic%20Study%20by%20Wilbur%20Smith%20Associates-2010/Traffic%20and%20Transportation%20Study%20For%20DPR%20For%20Proposed%20Jaipur%20Metro%20Feb%202010.pdf
259,Peak Hour Traffic At Midblock Locations,"This dataset contains the  Peak Hour Traffic at Midblock Locations with peak PCU,Daily PCU, peak hour factor in %",Travel Demand,city,printed table,Wilbur smith associates,Wilbur Smith Associates(2010) Traffic and Transportation Study for Detailed Project Report for Proposed Jaipur Metro,Table 2.8,2009.0,unknown,https://www.tourism.rajasthan.gov.in/content/dam/transport/metro/Project/Traffic%20Study%20by%20Wilbur%20Smith%20Associates-2010/Traffic%20and%20Transportation%20Study%20For%20DPR%20For%20Proposed%20Jaipur%20Metro%20Feb%202010.pdf
260,Outer Cordon Traffic Movement - 24 Hours With Outer Cordon Location Map,This dataset contains the Outer Cordon Traffic location and traffic movement inbound and outbound with the number of vehicles and PCUs,Travel Demand,city,printed table,Wilbur smith associates,Wilbur Smith Associates(2010) Traffic and Transportation Study for Detailed Project Report for Proposed Jaipur Metro,"Table 2.9, Figure 2.11",2009.0,unknown,https://www.tourism.rajasthan.gov.in/content/dam/transport/metro/Project/Traffic%20Study%20by%20Wilbur%20Smith%20Associates-2010/Traffic%20and%20Transportation%20Study%20For%20DPR%20For%20Proposed%20Jaipur%20Metro%20Feb%202010.pdf
261,Peak Hour Traffic - Outer Cordon,"This dataset contains the peak Hour Traffic - Outer Cordon Locations with peak PCU, Daily PCU, and peak hour factor in %",Travel Demand,city,printed table,Wilbur smith associates,Wilbur Smith Associates(2010) Traffic and Transportation Study for Detailed Project Report for Proposed Jaipur Metro,Table 2.10,2009.0,unknown,https://www.tourism.rajasthan.gov.in/content/dam/transport/metro/Project/Traffic%20Study%20by%20Wilbur%20Smith%20Associates-2010/Traffic%20and%20Transportation%20Study%20For%20DPR%20For%20Proposed%20Jaipur%20Metro%20Feb%202010.pdf
262,Speed And Delay: Peak Passengers Per Hour Per Direction (Pphpd)  Major Corridors:,"This dataset contains the location of rods, rail network and the journey speed and  PPHPD on Major corridors",Travel Demand,city,printed map,Wilbur smith associates,Wilbur Smith Associates(2010) Traffic and Transportation Study for Detailed Project Report for Proposed Jaipur Metro,"Figure 2.13, Figure 2.14",2009.0,unknown,https://www.tourism.rajasthan.gov.in/content/dam/transport/metro/Project/Traffic%20Study%20by%20Wilbur%20Smith%20Associates-2010/Traffic%20and%20Transportation%20Study%20For%20DPR%20For%20Proposed%20Jaipur%20Metro%20Feb%202010.pdf
263,"Travel Characteristics : Daily Trips,Hourly Distribution,Mode Share, Average Trip Length, And Trip Length Distribution","This dataset contains Daily trips,Hourly Distribution,Mode Share, Average Trip Length, and Trip length distribution graphs and tables ",Travel Demand,city,printed table,Wilbur smith associates,Wilbur Smith Associates(2010) Traffic and Transportation Study for Detailed Project Report for Proposed Jaipur Metro,"Table 2.11,Table 2.12, Figure 2.15, Figure 2.16 ",2009.0,unknown,https://www.tourism.rajasthan.gov.in/content/dam/transport/metro/Project/Traffic%20Study%20by%20Wilbur%20Smith%20Associates-2010/Traffic%20and%20Transportation%20Study%20For%20DPR%20For%20Proposed%20Jaipur%20Metro%20Feb%202010.pdf
264,Peak Hour Traffic Composition At Screen Line Locations,"Contains location, passenger,goods and slow moving vehicles traffic composition with further classification like standard bus,mofussil bus, other bus, cars, two wheeler etc.",Travel Demand,city,printed table,Wilbur smith associates,Wilbur Smith Associates(2010) Traffic and Transportation Study for Detailed Project Report for Proposed Jaipur Metro,"ANNEXURE - 2, pg. 116",2009.0,unknown,https://www.tourism.rajasthan.gov.in/content/dam/transport/metro/Project/Traffic%20Study%20by%20Wilbur%20Smith%20Associates-2010/Traffic%20and%20Transportation%20Study%20For%20DPR%20For%20Proposed%20Jaipur%20Metro%20Feb%202010.pdf
265,Peak Hour Traffic Composition At Midblock Locations,"Contains location, passenger,goods and slow moving vehicles traffic composition with further classification like standard bus,mofussil bus, other bus, cars, two wheeler etc.",Travel Demand,city,printed table,Wilbur smith associates,Wilbur Smith Associates(2010) Traffic and Transportation Study for Detailed Project Report for Proposed Jaipur Metro,"ANNEXURE - 2, pg. 120",2009.0,unknown,https://www.tourism.rajasthan.gov.in/content/dam/transport/metro/Project/Traffic%20Study%20by%20Wilbur%20Smith%20Associates-2010/Traffic%20and%20Transportation%20Study%20For%20DPR%20For%20Proposed%20Jaipur%20Metro%20Feb%202010.pdf
266,Peak Hour Traffic Composition At Cordon Locations,"Contains location, passenger,goods and slow moving vehicles traffic composition with further classification like standard bus,mofussil bus, other bus, cars, two wheeler etc.",Travel Demand,city,printed table,Wilbur smith associates,Wilbur Smith Associates(2010) Traffic and Transportation Study for Detailed Project Report for Proposed Jaipur Metro,"ANNEXURE - 2, pg. 122",2009.0,unknown,https://www.tourism.rajasthan.gov.in/content/dam/transport/metro/Project/Traffic%20Study%20by%20Wilbur%20Smith%20Associates-2010/Traffic%20and%20Transportation%20Study%20For%20DPR%20For%20Proposed%20Jaipur%20Metro%20Feb%202010.pdf
267,Journey Purpose At Outer Cordon (%),"contains purpose in % in mode(2 wheeler,car,auto,taxi) for work, business, education, social & recreation, tourism, others",Travel Demand,city,printed table,Wilbur smith associates,Wilbur Smith Associates(2010) Traffic and Transportation Study for Detailed Project Report for Proposed Jaipur Metro,"ANNEXURE - 2, pg. 124",2009.0,unknown,https://www.tourism.rajasthan.gov.in/content/dam/transport/metro/Project/Traffic%20Study%20by%20Wilbur%20Smith%20Associates-2010/Traffic%20and%20Transportation%20Study%20For%20DPR%20For%20Proposed%20Jaipur%20Metro%20Feb%202010.pdf
268,Peak Hour Passenger Count Data,"contains location, direction, no. of alighting passengers, no. of boarding passengers and total passenger",Travel Demand,city,printed table,Wilbur smith associates,Wilbur Smith Associates(2010) Traffic and Transportation Study for Detailed Project Report for Proposed Jaipur Metro,"ANNEXURE - 2, pg. 124",2009.0,unknown,https://www.tourism.rajasthan.gov.in/content/dam/transport/metro/Project/Traffic%20Study%20by%20Wilbur%20Smith%20Associates-2010/Traffic%20and%20Transportation%20Study%20For%20DPR%20For%20Proposed%20Jaipur%20Metro%20Feb%202010.pdf
269,Average Occupancy,"contains location, direction and average occupancy data",Travel Demand,city,printed table,Wilbur smith associates,Traffic Study by Wilbur Smith Associates-2010,"ANNEXURE - 2, pg. 125",2009.0,unknown,https://www.tourism.rajasthan.gov.in/content/dam/transport/metro/Project/Traffic%20Study%20by%20Wilbur%20Smith%20Associates-2010/Traffic%20and%20Transportation%20Study%20For%20DPR%20For%20Proposed%20Jaipur%20Metro%20Feb%202010.pdf
270,Speed And Delay,"contains corridor name, direction(towards), distance(km), average total time(sec), average delay(sec), average journey speed(kmph), running speed(kmph) data",Travel Demand,city,printed table,Wilbur smith associates,Wilbur Smith Associates(2010) Traffic and Transportation Study for Detailed Project Report for Proposed Jaipur Metro,"ANNEXURE - 2, pg. 126",2009.0,unknown,https://www.tourism.rajasthan.gov.in/content/dam/transport/metro/Project/Traffic%20Study%20by%20Wilbur%20Smith%20Associates-2010/Traffic%20and%20Transportation%20Study%20For%20DPR%20For%20Proposed%20Jaipur%20Metro%20Feb%202010.pdf
271,Mode Distribution In Jaipur (Including Walk),contains mode distribution with mode and total trips in %,Travel Demand,city,printed table,"egis rail,egis india, feedback infra","JMRCL(2018) Comprehensive Mobility Plan - Urban Transport Sector Assessment Report for Jaipur City",Table 0-1 (Egis survey),2017.0,unknown,https://transport.rajasthan.gov.in/content/dam/transport/metro/Project/DPR%20Phase%20II/CMP%20Executive%20Summary%20Final.pdf
272,Total Mechanized Trips Base Year 2017,"contains mode of transport, trips in lakhs and share in %",Travel Demand,city,printed table,"egis rail,egis india, feedback infra","JMRCL(2018) Comprehensive Mobility Plan - Urban Transport Sector Assessment Report for Jaipur City",Table 0-2 (Estimate by Egis survey),2017.0,unknown,https://transport.rajasthan.gov.in/content/dam/transport/metro/Project/DPR%20Phase%20II/CMP%20Executive%20Summary%20Final.pdf
273,Average Trip Length By Various Modes,"contains mode, homebased,non-home based trips, avg. trip length(km)",Travel Demand,city,printed table,"egis rail,egis india, feedback infra","JMRCL(2018) Comprehensive Mobility Plan - Urban Transport Sector Assessment Report for Jaipur City",Table 0-3 ( Egis survey),2017.0,unknown,https://transport.rajasthan.gov.in/content/dam/transport/metro/Project/DPR%20Phase%20II/CMP%20Executive%20Summary%20Final.pdf
274,Modal Share Of Transport,This dataset provides the percentage of people who used different modes of transportation in 2009 and 2018.,Travel Demand,city,printed table,JDA,CMP ppt (n.d),pg. 29,2018.0,unknown,https://cdn.cseindia.org/userfiles/comprehensive_mobility.pdf
275,Public Transport Mode Jaipur,This catalog contains the public mode share data ,Travel Demand,city,csv,"CDO- Ajay Kumar, Jaipur Nagar Nigam","JSCL (2019) Ministry of housing and urban affairs,smart city data catalogue",,2018.0,unknown,https://smartcities.data.gov.in/catalog/publictransportmodejaipur
276,Dmic Corridor Along With Its Influence Zone,"The DMIC corridor is expected to have an influence zone of 150 Kms on either side, resulting in more than 70% of Jaipur district getting covered by the same. The map shows the DMIC corridor along with its influence zone.",Urban Development,region,printed map,JDA,"JDA (2011) Master Development Plan 2025, vol1","Map 2-12, pg.63",2001.0,unknown,https://jda.rajasthan.gov.in/content/dam/raj/udh/development-authority/jda-jaipur/pdf/MDP/Vol1.pdf
277,Growth Nodes By 2025 Jaipur District,Map projecting key growth areas in Jaipur District by 2025.,Urban Development,district,printed map,JDA,"JDA (2011) Master Development Plan 2025, vol1","Map 2-47, pg. 124",2001.0,unknown,https://jda.rajasthan.gov.in/content/dam/raj/udh/development-authority/jda-jaipur/pdf/MDP/Vol1.pdf
278,Map Showing Jaipur Region-2025,Map depicting the Jaipur Region by 2025.,Urban Development,region,printed map,JDA,"JDA (2011) Master Development Plan 2025, vol1","Map 3-1, pg. 128",2011.0,unknown,https://jda.rajasthan.gov.in/content/dam/raj/udh/development-authority/jda-jaipur/pdf/MDP/Vol1.pdf
279,Satellite Towns And Growth Centers In Jaipur Region,"This data shows information as per the master plan, 11 satellite towns and 4 growth centers are proposed in the Jaipur
Region",Urban Development,region,printed table,JDA,"L&T Infra Engineering (2022) Comprehensive Traffic and Transportation Study for Jaipur Region, vol1",Table 6-2 Pg 6-5,2018.0,unknown,Document not yet published
280,Growth Direction Of Jaipur Region,This dataset shows the availability of The expansion trajectory of Jaipur region,Urban Development,district,printed map,JDA,"L&T Infra Engineering (2022) Comprehensive Traffic and Transportation Study for Jaipur Region, vol1",Figure 6-2 pg 6-4,2018.0,unknown,Document not yet published
281,Existing Development Area Boundary Of Jaipur Region,Map outlining the boundaries of existing development areas in Jaipur Region.,Urban Development,region,printed map,JDA,"JDA (2011) Master Development Plan 2025, vol1","Map 4-1, pg. 216",2011.0,unknown,https://jda.rajasthan.gov.in/content/dam/raj/udh/development-authority/jda-jaipur/pdf/MDP/Vol1.pdf
282,Solid Waste Disposal Data Jaipur,"This catalog contains data regarding the disposal/SLF sites, type of waste,distance from city centre,operation since and quantity(TPD) in Jaipur City.",Waste Management,city,csv,"CDO- Ajay Kumar, Jaipur Nagar Nigam","JSCL (2019) Ministry of housing and urban affairs,smart city data catalogue",,2018.0,unknown,https://smartcities.data.gov.in/catalog/solidwastedisposaldatajaipur
283,Public Toilets Jaipur,This catalog describes the sewerage network and details the spread of public toilets available within an area based on ward in the city,Waste Management,city,csv,"CDO- Ajay Kumar, Jaipur Nagar Nigam","JSCL (2019) Ministry of housing and urban affairs,smart city data catalogue",,2018.0,unknown,https://smartcities.data.gov.in/catalog/public-toilets-jaipur
284,Solid Waste D2d Collection Jaipur,This catalog contains ward wise total door to door solid waste collection,Waste Management,city,csv,"CDO- Ajay Kumar, Jaipur Nagar Nigam","JSCL (2019) Ministry of housing and urban affairs,smart city data catalogue",,2018.0,unknown,https://smartcities.data.gov.in/catalog/solidwasted2dcollectionjaipur
285,Solid Waste Processing Jaipur," catalog contains jaipur city Type of Waste, Quantity, Process technology, Plant location (address), Plant capacity (TPD), Waste to Energy initiative (Y/N), Power generated by Waste-to-Energy initiative (in MW)",Waste Management,city,csv,"CDO- Ajay Kumar, Jaipur Nagar Nigam","JSCL (2019) Ministry of housing and urban affairs,smart city data catalogue",,2018.0,unknown,https://smartcities.data.gov.in/catalog/solid-waste-processing-jaipur
286,Solid Waste Collection Vehicle Jaipur,This catalog contains the types of waste collection vehicle used in different wards of jaipur city,Waste Management,city,csv,"CDO- Ajay Kumar, Jaipur Nagar Nigam","JSCL (2019) Ministry of housing and urban affairs,smart city data catalogue",,2018.0,unknown,https://smartcities.data.gov.in/catalog/solidwastecollectionvehiclejaipur
287,Door To Door Collection Of Solid Waste In Jaipur,This catalougue contains total no. of households and establishments covered through doorstep collection ward wise,Waste Management,city,csv,"CDO- Ajay Kumar, Jaipur Nagar Nigam","JSCL (2019) Ministry of housing and urban affairs,smart city data catalogue",,2018.0,unknown,https://smartcities.data.gov.in/catalog/door-door-collection-solid-waste-jaipur
288,Solid Waste Segregation Jaipur,This catalog contains the total no. of ward wise No. of Households with waste segregation,Waste Management,city,csv,"CDO- Ajay Kumar, Jaipur Nagar Nigam","JSCL (2019) Ministry of housing and urban affairs,smart city data catalogue",,2018.0,unknown,https://smartcities.data.gov.in/catalog/solidwastesegregationjaipur
289,Waste Management Revenue Expenditure Data Jaipur,This catalog contains the annual expenditure and revenue generated( in lakhs) ,Waste Management,city,csv,"CDO- Ajay Kumar, Jaipur Nagar Nigam","JSCL (2019) Ministry of housing and urban affairs,smart city data catalogue",,2018.0,unknown,https://smartcities.data.gov.in/catalog/waste-management-revenue-expenditure-data-jaipur
